Name,Team,Starting season,Power_Index,FR,Events-FR,freshman_PPE,SO,Events-SO,JR,Events-JR,SR,Events-SR,Total Points,PPE
Timothy Benage,Boston College,15,22.44,,,0,,,75,3,18,3,93,15.5
Brett Bonzell,Boston College,17,26.26,0,3,0,,,,,,,0,0
Caleb Bower,Boston College,15,61.95,,,0,,,,,,,0,0
Michael Bryant,Boston College,15,13.42,,,0,,,0,3,,,0,0
Ryan Cahalane,Boston College,15,64.44,,,0,,,,,,,0,0
Jason Castillo,Boston College,15,-1,,,0,,,,,,,0,0
Connor Chamness,Boston College,17,37.93,0,3,0,0,4,0,3,0,3,0,0
Joseph Costa,Boston College,15,18.22,,,0,,,,,,,0,0
Drew Cuttic,Boston College,16,28.39,,,0,0,3,0,3,,,0,0
Joseph Devlin,Boston College,15,77.45,,,0,,,,,,,0,0
Daniel Faugno-Fusci,Boston College,15,-1,,,0,,,,,,,0,0
Kieran Fitzpatrick,Boston College,17,27.26,,,0,,,,,,,0,0
Nicholas Henze,Boston College,15,9.95,,,0,,,0,3,2,3,2,0.333333333
Ryan Herron,Boston College,15,100,,,0,,,,,,,0,0
David Howard,Boston College,17,21.43,0,3,0,0,3,0,3,0,3,0,0
David Hunter,Boston College,16,42.93,,,0,0,3,0,3,0,3,0,0
Robert Johnson,Boston College,14,17.18,,,0,,,,,0,3,0,0
Luke Keffer,Boston College,15,18.94,,,0,,,,,,,0,0
Daniel Kelly,Boston College,16,29.43,,,0,15,3,7,3,16,4,38,3.8
Cole Malatesta,Boston College,17,-1,0,2,0,6,3,10,2,0,2,16,1.777777778
Jack McCarthy,Boston College,17,100,0,2,0,0,2,0,2,0,2,0,0
Richard Mcdonnell,Boston College,17,-1,0,3,0,,,,,,,0,0
Shawn McNiff,Boston College,16,100,,,0,,,,,,,0,0
Sean Murphy,Boston College,15,5.81,,,0,,,1,5,,,1,0.2
Grant Neil,Boston College,14,-1,,,0,,,,,,,0,0
Ryan Reede,Boston College,16,86.45,,,0,,,,,,,0,0
Anthony Richardson,Boston College,17,20.25,3,3,1,0,6,0,4,0,4,3,0.176470588
Alexander Rudolph,Boston College,14,-1,,,0,,,,,0,3,0,0
Kenneth Rudolph,Boston College,15,-1,,,0,,,,,0,3,0,0
David Rusyniak,Boston College,14,-1,,,0,,,,,,,0,0
Estephan Saliba,Boston College,16,24.1,,,0,0,3,0,3,,,0,0
Patrick Scordato,Boston College,14,19.92,,,0,,,,,,,0,0
Patrick Sheerin,Boston College,17,35.28,,,0,,,,,,,0,0
Carter Smith,Boston College,15,31.37,,,0,,,,,,,0,0
Andrew Stranick,Boston College,15,6.92,,,0,,,0,3,4,3,4,0.666666667
Brendan Sweeney,Boston College,16,-1,,,0,,,,,,,0,0
Joshua Williams,Boston College,17,11.9,0,3,0,0,3,0,4,0,4,0,0
Michael Woodbury,Boston College,15,-1,,,0,,,,,,,0,0
Matthew Zerweck,Boston College,16,21.04,,,0,0,3,0,4,0,3,0,0
Aram Barmakian,Boston College,15,21.43,,,0,,,,,,,0,0
Mathew Brennan,Boston College,18,-1,,,0,,,,,,,0,0
Mckenzie Cole,Boston College,18,25.93,,,0,0,4,0,3,0,4,0,0
Ian Cooper,Boston College,15,16.13,,,0,,,,,14,3,14,4.666666667
Daniel Creighton,Boston College,18,28.43,,,0,0,4,0,3,0,4,0,0
Cameron Howe,Boston College,15,59.95,,,0,,,,,,,0,0
Nicolas Junghahn,Boston College,18,23.58,0,4,0,0,3,0,3,0,3,0,0
Joshua Lacey,Boston College,18,23.79,,,0,,,,,,,0,0
Kevin McCoy,Boston College,18,48.93,0,4,0,0,4,0,3,0,6,0,0
John Mooers,Boston College,18,12.07,0,3,0,0,3,0,3,,,0,0
Fernando Saenz Del Villar,Boston College,18,24.22,,,0,,,,,,,0,0
Kyle Zarriello,Boston College,18,39.14,,,0,,,,,,,0,0
Taylor Cortens,Boston College,19,20.77,0,5,0,5,3,4,6,20,5,29,1.526315789
Grant Dalton,Boston College,18,100,,,0,,,,,,,0,0
Colin Derdeyn,Boston College,19,23.69,0,3,0,0,3,0,3,0,3,0,0
Landon Futch,Boston College,19,27.58,,,0,0,3,,,,,0,0
Nathaniel Greeley,Boston College,19,28.42,,,0,,,,,,,0,0
Arthur Hidalgo,Boston College,19,31.68,,,0,,,,,,,0,0
Charles Kleinsmith,Boston College,19,-1,,,0,0,3,0,4,11,4,11,1
Robert McCrory,Boston College,19,100,,,0,,,,,0,2,0,0
Nicholas Miller,Boston College,19,26.92,,,0,0,3,0,4,0,4,0,0
Keating Mosher,Boston College,19,21.67,0,3,0,0,3,,,,,0,0
Denis Reznik,Boston College,19,19.92,,,0,,,,,,,0,0
Jackson Rotondo,Boston College,19,-1,,,0,,,0,2,,,0,0
Matthew Sabal,Boston College,19,39.08,,,0,,,,,,,0,0
Peter Tomljanovic,Boston College,19,40.89,,,0,,,,,,,0,0
Cole Vanderwel,Boston College,19,18.39,0,4,0,,,,,,,0,0
Matthew Amedeo,Boston College,20,26.16,,,0,,,,,,,0,0
Matthew Denave,Boston College,20,32.41,,,0,,,,,,,0,0
Jonathan Farah,Boston College,20,21.9,,,0,,,0,4,0,4,0,0
Sami Fares,Boston College,20,31.26,,,0,,,0,2,0,2,0,0
Brendan Gatward,Boston College,20,22.29,0,3,0,0,4,,,,,0,0
Christian Gillette,Boston College,20,-1,,,0,,,,,,,0,0
Michael Hinton,Boston College,20,14.35,0,3,0,0,3,0,3,0,3,0,0
Evan O'Mara,Boston College,20,-1,,,0,0,3,,,,,0,0
Lucas Saliba,Boston College,20,27.33,,,0,0,4,,,,,0,0
Michael Spence,Boston College,20,41.71,,,0,,,,,,,0,0
Griffin Taylor,Boston College,20,26.54,,,0,,,,,,,0,0
Maxwell Threlkeld,Boston College,20,22.79,,,0,0,4,,,0,3,0,0
Peter Bankes,Boston College,21,36.49,,,0,,,,,,,0,0
Kevin Chandra,Boston College,21,22.89,,,0,0,3,,,,,0,0
Zachary Maher,Boston College,21,22.99,,,0,,,,,,,0,0
Colin O'Leary,Boston College,21,-1,3,4,0.75,0,4,0,3,,,3,0.272727273
Alexander Santana,Boston College,21,13.23,0,4,0,0,3,0,4,,,0,0
Edward Schlehr,Boston College,21,27.24,,,0,,,,,,,0,0
Matthew Shelton,Boston College,21,17.17,0,4,0,0,3,0,3,,,0,0
Peter Shepanzyk,Boston College,21,20.45,0,3,0,0,3,0,2,,,0,0
William Suchy,Boston College,21,19.26,0,4,0,0,3,0,3,,,0,0
Paul Boyce,Boston College,21,25.53,,,0,,,0,3,,,0,0
Oliver Brown,Boston College,22,20.47,,,0,,,,,,,0,0
Talmage Corey,Boston College,22,20.27,,,0,,,,,,,0,0
John Fenton,Boston College,22,20.76,,,0,,,,,,,0,0
Damion Geoghegan Ribeiro,Boston College,22,-1,,,0,0,3,,,,,0,0
Tyler Gruwell,Boston College,22,16.16,0,4,0,,,,,,,0,0
Cole Gvozdas,Boston College,22,18.34,0,3,0,0,4,,,,,0,0
Ryan Price,Boston College,22,16.45,0,3,0,0,3,,,,,0,0
Andrew Revers,Boston College,22,23.83,,,0,,,,,,,0,0
Samuel Roche,Boston College,22,17.1,0,3,0,4,3,,,,,4,0.666666667
Alex Shehab,Boston College,22,20.5,0,2,0,,,,,,,0,0
Matt Clark,Boston College,23,14.62,0,3,0,,,,,,,0,0
Aleksej Cupic,Boston College,23,34.55,,,0,,,,,,,0,0
Ian Fitzpatrick,Boston College,23,24.78,,,0,,,,,,,0,0
Dale Nickerson,Boston College,23,100,0,2,0,,,,,,,0,0
Matthew Szekely,Boston College,23,19.61,0,6,0,,,,,,,0,0
Zach Szmania,Boston College,23,11.33,0,3,0,,,,,,,0,0
Stephan Todorovic,Boston College,23,18.83,0,3,0,,,,,,,0,0
Delaney Brock,Duke University,16,27.07,,,0,,,,,,,0,0
Jack Carey,Duke University,14,12.97,,,0,,,,,0,3,0,0
Victor Chen,Duke University,16,53.94,,,0,0,3,0,3,10,3,10,1.111111111
Rahul Chokshi,Duke University,17,38.43,,,0,,,,,,,0,0
Bradley Cline,Duke University,17,2.05,21,3,7,23,3,2,3,1,3,47,3.916666667
Romain Decrop,Duke University,16,3.84,,,0,,,,,,,0,0
Jonathan Derlath,Duke University,15,26.93,,,0,,,,,,,0,0
Evrim Ersu,Duke University,14,35.45,,,0,,,,,,,0,0
Tyler Fleming,Duke University,15,49.94,,,0,,,,,,,0,0
Kevin Fraser,Duke University,17,6.9,0,3,0,,,,,,,0,0
Hunter Knight,Duke University,15,3.85,,,0,,,50,3,,,50,16.66666667
Stefan Knight,Duke University,15,6.33,,,0,,,,,0,3,0,0
Peter Kropp,Duke University,17,2.29,30,3,10,32,3,36,3,52,3,150,12.5
Joseph Maginnis,Duke University,17,11.49,1,3,0.333333333,1,4,,,12,3,14,1.4
Nicholas McCrory,Duke University,14,99.45,,,0,,,,,96,3,96,32
Patrick Miller,Duke University,17,3.9,56,3,18.66666667,66,4,22,4,28,4,172,11.46666667
Tze Ng,Duke University,16,-1,,,0,,,,,,,0,0
Benedict Parfit,Duke University,17,17.44,,,0,,,,,,,0,0
Dylan Payne,Duke University,17,2.33,0,3,0,12,3,20,3,24,2,56,5.090909091
James Peek,Duke University,14,4.89,,,0,,,,,40,3,40,13.33333333
Cole Plambeck,Duke University,14,-1,,,0,,,,,11,3,11,3.666666667
Ryan Prince,Duke University,16,38.93,,,0,,,,,,,0,0
Deon Reid,Duke University,16,100,,,0,18,3,,,,,18,6
Clay Sanders,Duke University,15,21.92,,,0,,,2,3,0,3,2,0.333333333
Michael Seaberg,Duke University,17,5.36,0,3,0,0,3,24,3,2,3,26,2.166666667
Samuel Sherman,Duke University,14,15.65,,,0,,,,,4,3,4,1.333333333
Lucas Suchomel,Duke University,15,25.95,,,0,,,,,,,0,0
Kazumu Takabayashi,Duke University,17,8.13,10,4,2.5,9,4,32,4,17,4,68,4.25
Tyler Toren,Duke University,15,9.45,,,0,,,0,3,0,3,0,0
Adriaan Venter,Duke University,17,26.93,,,0,,,,,,,0,0
David Armstrong,Duke University,16,32.36,,,0,,,4,3,17,3,21,3.5
Nicholas Bigot,Duke University,18,1.76,0,3,0,0,3,,,0,3,0,0
Michael Camarda,Duke University,15,13.72,,,0,,,,,,,0,0
John Forese,Duke University,16,3.41,,,0,,,,,,,0,0
Joshua Furth,Duke University,15,-1,,,0,,,,,,,0,0
Marco Hosfeld,Duke University,18,5.84,0,3,0,,,,,,,0,0
Matthew Johnson,Duke University,17,4.28,,,0,18,3,34,3,17,3,69,7.666666667
Ryan Nicholson,Duke University,15,1.36,,,0,,,,,,,0,0
John Pearson,Duke University,18,99.87,,,0,,,,,,,0,0
Alexander Pena,Duke University,18,3.71,3,3,1,,,5,3,0,3,8,0.888888889
Robert Christensen,Duke University,19,-1,3,3,1,,,,,,,3,1
Riley Hickman,Duke University,19,15.75,24,3,8,,,1,3,0,3,25,2.777777778
Judson Howard,Duke University,19,16.2,32,3,10.66666667,30,3,60,3,64,3,186,15.5
Yusuke Legard,Duke University,19,100,0,3,0,10,3,17,3,20,3,47,3.916666667
Evan Moretti,Duke University,19,100,52,3,17.33333333,23,3,69,3,77,3,221,18.41666667
Joshua Owsiany,Duke University,19,100,27,3,9,31,3,33,3,15,3,106,8.833333333
Maximilian St. George,Duke University,19,-1,,,0,,,,,,,0,0
Sean Tate,Duke University,19,2.24,5,3,1.666666667,6,3,11,3,22,3,44,3.666666667
Sheldon Boboff,Duke University,20,4.49,,,0,6,3,10,3,19,3,35,3.888888889
Nathaniel Hernandez,Duke University,20,38.38,59,3,19.66666667,63,3,67,3,72,3,261,21.75
Roger Kriegl,Duke University,20,3.14,23,3,7.666666667,,,,,,,23,7.666666667
Daichi Matsuda,Duke University,20,6.6,,,0,0,3,0,4,0,3,0,0
Christopher Murphy,Duke University,20,7.28,0,3,0,,,,,,,0,0
Emir Ozsuer,Duke University,20,100,,,0,,,,,,,0,0
Noah Stevens,Duke University,20,5.15,,,0,0,4,,,,,0,0
Eric Strickland,Duke University,20,5.08,,,0,,,,,,,0,0
Miles Williams,Duke University,20,7.31,0,3,0,42,3,55,3,47,4,144,11.07692308
NATHANIEL HARTLEY,Duke University,21,7.81,2,3,0.666666667,7,4,7,3,,,16,1.6
Spencer Lafata,Duke University,21,6.91,2,3,0.666666667,2,3,0,3,,,4,0.444444444
Zachary Washart,Duke University,21,8.39,0,3,0,0,3,0,3,,,0,0
Tianyi Zeng,Duke University,21,100,47,3,15.66666667,,,,,,,47,15.66666667
Adam Zimmer,Duke University,21,3.39,0,3,0,10,3,5,3,,,15,1.666666667
Harel Anolick,Duke University,22,100,11,3,3.666666667,6,3,,,,,17,2.833333333
John Day,Duke University,22,18.6,,,0,,,,,,,0,0
David Hallaron,Duke University,22,8.06,0,3,0,0,3,,,,,0,0
Cole Reznick,Duke University,22,10.04,1,3,0.333333333,22,3,,,,,23,3.833333333
Everett Werner,Duke University,22,9.98,0,3,0,2,3,,,,,2,0.333333333
Matthew Whelan,Duke University,22,7.42,,,0,0,3,,,,,0,0
Henry Wu,Duke University,22,-1,,,0,5,3,,,,,5,1.666666667
Colson Zucker,Duke University,22,7.22,0,3,0,11,3,,,,,11,1.833333333
Jonah Cagley,Duke University,23,100,24,3,8,,,,,,,24,8
Christopher Dalla Valle,Duke University,23,10.21,0,4,0,,,,,,,0,0
Brendan Driscoll,Duke University,23,5.99,,,0,,,,,,,0,0
Charlie Gingrich,Duke University,23,13.44,1,3,0.333333333,,,,,,,1,0.333333333
Phillip Gong,Duke University,23,12.29,,,0,,,,,,,0,0
Matthew Knox,Duke University,23,10.22,,,0,,,,,,,0,0
Coleman Kredich,Duke University,23,9.94,0,3,0,,,,,,,0,0
Kevin Repice,Duke University,23,14.83,,,0,,,,,,,0,0
Nicholas Talati,Duke University,23,11.5,0,3,0,,,,,,,0,0
William Tenpas,Duke University,23,20.73,,,0,,,,,,,0,0
Nicholas Viers,Duke University,23,14.36,,,0,,,,,,,0,0
Lucas Akker,Florida State University,14,19.95,,,0,,,,,,,0,0
Ian Apple,Florida State University,16,4.39,,,0,,,0,3,9,3,9,1.5
Harrison Brogden,Florida State University,15,6.9,,,0,,,5,3,,,5,1.666666667
Nicholas Brown,Florida State University,16,11.52,,,0,,,,,,,0,0
Kalonji Cole,Florida State University,16,100,,,0,9,3,,,49,3,58,9.666666667
Jason Coombs,Florida State University,17,1.53,57,3,19,68,3,67,3,51,3,243,20.25
John Deedrick,Florida State University,15,6.43,,,0,,,,,,,0,0
Kyle Doxtater,Florida State University,16,11.39,,,0,3,3,3,3,0,3,6,0.666666667
Tyler Fozkos,Florida State University,15,3.4,,,0,,,,,,,0,0
Joshua Friedel,Florida State University,15,2.23,,,0,,,35,3,29,4,64,9.142857143
DOMINIC GIORDANO,Florida State University,17,100,,,0,69,3,80,3,85,3,234,26
Dylan Grisell,Florida State University,17,100,30,3,10,63,3,44,2,69,3,206,18.72727273
Thaxter Hensley,Florida State University,16,14.41,,,0,18,3,27,3,41,2,86,10.75
Richard Hildebrand,Florida State University,15,30.95,,,0,,,12,3,,,12,4
Jacob Kingsford,Florida State University,16,3.88,,,0,,,,,,,0,0
David Knight,Florida State University,15,5.9,,,0,,,54,3,75,3,129,21.5
Jemal LeGrand,Florida State University,17,6.57,5,3,1.666666667,0,3,0,3,,,5,0.555555556
Michael Lewark,Florida State University,15,-1,,,0,,,62,3,,,62,20.66666667
Cadell Lyons,Florida State University,15,5.4,,,0,,,31,3,0,3,31,5.166666667
Dylan Marsolek,Florida State University,16,13.91,,,0,,,,,,,0,0
Kevin Matheus,Florida State University,14,-1,,,0,,,,,,,0,0
Jason McCormick,Florida State University,17,2.39,42,3,14,17,3,42,2,58,3,159,14.45454545
Dustin Miller,Florida State University,14,-1,,,0,,,,,5,3,5,1.666666667
max mitchell,Florida State University,15,16.41,,,0,,,,,,,0,0
Paul Murray,Florida State University,15,2.94,,,0,,,65,3,,,65,21.66666667
Thomas Neubacher,Florida State University,15,-1,,,0,,,68,3,,,68,22.66666667
Jared Pike,Florida State University,15,100,,,0,,,22,3,,,22,7.333333333
Derek Pridemore,Florida State University,16,2.03,,,0,,,,,,,0,0
Alex Rodriguez,Florida State University,15,14.92,,,0,,,16,3,,,16,5.333333333
Kevin Rogers,Florida State University,15,4.74,,,0,,,60,3,9,3,69,11.5
Pavel Sankovich,Florida State University,14,4.04,,,0,,,,,96,4,96,24
Juan Sequera,Florida State University,15,4.31,,,0,,,,,,,0,0
JR Sims,Florida State University,17,-1,,,0,,,,,,,0,0
Anthony Soto,Florida State University,14,9.92,,,0,,,,,,,0,0
Robert Swanbeck,Florida State University,15,16.43,,,0,,,,,,,0,0
Michael Thomas,Florida State University,14,1.61,,,0,,,,,,,0,0
Calvin Bryant,Florida State University,18,1.6,14,3,4.666666667,14,2,12,3,10,3,50,4.545454545
Gavin Colley,Florida State University,18,7.86,,,0,,,,,,,0,0
Soren Evans,Florida State University,18,23.92,,,0,,,,,,,0,0
Storm Hewitt,Florida State University,15,3.41,,,0,,,,,0,3,0,0
Trevor Hine,Florida State University,18,9.38,,,0,,,,,,,0,0
Franklin Horpel,Florida State University,16,4.84,,,0,,,,,,,0,0
Cameron Johnson,Florida State University,18,16.93,0,3,0,19,3,0,2,,,19,2.375
Connor Kalisz,Florida State University,18,3.34,4,3,1.333333333,50,3,45,3,38,3,137,11.41666667
Samuel Mitchum,Florida State University,15,64.44,,,0,,,,,,,0,0
Chad Mylin,Florida State University,18,7.9,0,3,0,23,3,40,3,27,3,90,7.5
Joseph Plechy,Florida State University,18,32.57,,,0,,,6,3,20,2,26,5.2
Jonathan Ratliff,Florida State University,18,6.95,,,0,,,,,,,0,0
Tyler Roberge,Florida State University,18,-1,52,3,17.33333333,22,3,43,3,19,3,136,11.33333333
Marc Rojas,Florida State University,16,10.41,,,0,,,0,3,0,3,0,0
Jacob Urbano,Florida State University,18,10.14,,,0,3,3,0,3,,,3,0.5
Guy Fernandes,Florida State University,16,13.73,,,0,,,,,,,0,0
Noah Hensley,Florida State University,19,16.7,26,4,6.5,,,58,3,53,3,137,13.7
Cooper Hoffman,Florida State University,19,20.47,,,0,,,,,,,0,0
Kanoa Kaleoaloha,Florida State University,19,13.12,14,3,4.666666667,24,3,34,3,73,3,145,12.08333333
Matthew Kraemer,Florida State University,19,21.48,,,0,,,,,,,0,0
Emir Muratovic,Florida State University,19,5.17,16,3,5.333333333,9,3,35,3,49,4,109,8.384615385
Ayooluwakunmi Ogunfeibo,Florida State University,19,-1,,,0,,,,,,,0,0
William Pisani,Florida State University,19,15.39,,,0,31,3,61,3,69,3,161,17.88888889
Jake Ryan,Florida State University,19,25.66,,,0,,,,,,,0,0
Stefan Stojmenovic,Florida State University,17,14.01,,,0,,,21,3,18,4,39,5.571428571
Rafael Van Leeuwarde,Florida State University,18,9.13,,,0,0,3,2,3,,,2,0.333333333
John Vann,Florida State University,19,20.46,,,0,,,,,0,3,0,0
Griffin Alaniz,Florida State University,20,8.19,,,0,7,4,56,3,48,4,111,10.09090909
Matthew Ankerholz,Florida State University,17,19.45,,,0,,,,,8,3,8,2.666666667
Daniel Bis,Florida State University,18,100,,,0,,,,,,,0,0
Giorgio DelGrosso,Florida State University,20,11.39,,,0,,,,,,,0,0
Aidan Faminoff,Florida State University,20,100,41,3,13.66666667,56,3,9,2,29,3,135,12.27272727
Tristan Fineman,Florida State University,20,-1,,,0,,,,,,,0,0
Nicholas Finley,Florida State University,20,16.08,,,0,,,,,,,0,0
Maverick Layne,Florida State University,20,8.8,,,0,,,,,,,0,0
Rudo Loock,Florida State University,20,100,0,3,0,7,3,0,3,19,3,26,2.166666667
Derek Peeples,Florida State University,20,14.1,,,0,,,,,,,0,0
Max Polianski,Florida State University,20,1.68,11,3,3.666666667,51,3,38,3,37,3,137,11.41666667
Felipe Ribeiro de Souza,Florida State University,20,-1,17,3,5.666666667,32,3,,,,,49,8.166666667
Nate Samson,Florida State University,20,4.55,,,0,13,4,,,,,13,3.25
Vladimir STEFANIK,Florida State University,20,7.51,6,3,2,2,3,7,4,26,3,41,3.153846154
Connor Thorne,Florida State University,20,21.19,,,0,,,,,,,0,0
Patrick Butkovich,Florida State University,21,6.18,,,0,0,3,,,,,0,0
Brandon Chason,Florida State University,20,14.47,,,0,,,,,,,0,0
Alexander Cronin,Florida State University,20,8.68,,,0,,,0,3,,,0,0
Joshua Davidson,Florida State University,21,100,67,3,22.33333333,72,3,57,3,,,196,21.77777778
Julio Horrego,Florida State University,21,9.48,,,0,,,,,,,0,0
Gavin Jones,Florida State University,21,7.74,,,0,,,,,,,0,0
Oszkar LAVOTHA,Florida State University,21,100,,,0,,,,,,,0,0
John Mataxas,Florida State University,20,5.87,,,0,4,3,,,,,4,1.333333333
Chad McGuire,Florida State University,21,12.26,,,0,,,,,,,0,0
Adrian Moya,Florida State University,21,10.24,,,0,,,,,,,0,0
Paxton Rhoads,Florida State University,21,10.8,,,0,,,,,,,0,0
Clay Riemenschneider,Florida State University,21,11.62,,,0,,,,,,,0,0
Ryan Telford,Florida State University,21,6.54,25,3,8.333333333,13,3,,,,,38,6.333333333
Cameron Thatcher,Florida State University,20,100,,,0,53,3,62,3,41,3,156,17.33333333
Izaak Bastian,Florida State University,22,2.15,33,3,11,40,3,,,,,73,12.16666667
Riley Dafoe,Florida State University,22,9.1,,,0,,,,,,,0,0
Robert Delk,Florida State University,20,4.76,,,0,,,,,,,0,0
Cooper Deryk,Florida State University,22,6.55,0,3,0,,,,,,,0,0
Kyle DiMatteo,Florida State University,22,6.74,,,0,,,,,,,0,0
Charles Gijsendorfer,Florida State University,22,22.94,,,0,,,,,,,0,0
Dillon Hall,Florida State University,22,15.58,,,0,,,,,,,0,0
Garrison Johnson,Florida State University,22,5.47,0,3,0,,,,,,,0,0
Jakub Ksiazek,Florida State University,22,1.35,52,3,17.33333333,29,3,,,,,81,13.5
Andres Lares,Florida State University,22,12.86,,,0,,,,,,,0,0
Jackson Lucas,Florida State University,21,10.87,,,0,,,13,3,,,13,4.333333333
Max McCusker,Florida State University,22,8.51,5,4,1.25,33,3,,,,,38,5.428571429
Jorge Roche,Florida State University,22,-1,,,0,,,,,,,0,0
Jackson Seith,Florida State University,21,19.18,,,0,4,3,,,,,4,1.333333333
Nate Stadler,Florida State University,22,15.9,,,0,,,,,,,0,0
Matthew Strickland,Florida State University,22,10.11,,,0,,,,,,,0,0
Levente Varro,Florida State University,22,-1,,,0,,,,,,,0,0
John Yambor-Maul,Florida State University,22,9.64,,,0,,,,,,,0,0
Adrian Aguilar,Florida State University,23,12.23,,,0,,,,,,,0,0
Balazs Berecz,Florida State University,23,6.28,2,3,0.666666667,,,,,,,2,0.666666667
Domen Demšar,Florida State University,23,6.38,,,0,,,,,,,0,0
Mohamed GHAFFARI,Florida State University,23,5.17,,,0,,,,,,,0,0
Maurice Ingenrieth,Florida State University,23,6.15,13,3,4.333333333,,,,,,,13,4.333333333
Blake Moran,Florida State University,23,18.28,,,0,,,,,,,0,0
Scott Pekarske,Florida State University,23,7.72,17,3,5.666666667,,,,,,,17,5.666666667
Francesco PERON,Florida State University,23,8.98,,,0,,,,,,,0,0
Quintin Scholz,Florida State University,23,14.83,,,0,,,,,,,0,0
Ryland Sun,Florida State University,23,14.39,,,0,,,,,,,0,0
Cameron Taddonio,Florida State University,23,18.11,,,0,,,,,,,0,0
Nicholas Vance,Florida State University,23,5.02,8,3,2.666666667,,,,,,,8,2.666666667
Peter VARJASI,Florida State University,23,4.45,75,3,25,,,,,,,75,25
Nevada Wood,Florida State University,22,16.22,,,0,18,3,,,,,18,6
Jarrod Blanton,Georgia Institute of Technology,14,18.92,,,0,,,,,,,0,0
Robert Borowicz,Georgia Institute of Technology,17,3.85,6,3,2,,,2,3,3,3,11,1.222222222
Elliott Brockelbank,Georgia Institute of Technology,15,12.38,,,0,,,34,3,9,3,43,7.166666667
Andrew Chetcuti,Georgia Institute of Technology,15,100,,,0,,,0,3,0,3,0,0
Nicholas Colletti,Georgia Institute of Technology,15,19.69,,,0,,,,,,,0,0
Nico Duijn,Georgia Institute of Technology,15,100,,,0,,,41,3,39,3,80,13.33333333
Omar Eteiba,Georgia Institute of Technology,17,-1,11,3,3.666666667,23,3,22,2,13,2,69,6.9
Tyler Graff,Georgia Institute of Technology,17,8.85,,,0,,,,,,,0,0
Chase Gutknecht,Georgia Institute of Technology,17,14.42,,,0,,,,,,,0,0
Bradley Homza,Georgia Institute of Technology,17,100,44,3,14.66666667,49,3,82,3,,,175,19.44444444
Jacob Johnson,Georgia Institute of Technology,15,1.09,,,0,,,4,3,23,3,27,4.5
Spencer Johnston,Georgia Institute of Technology,17,5.86,,,0,,,,,,,0,0
Dylan Kase,Georgia Institute of Technology,15,10.4,,,0,,,,,,,0,0
Michael Kenny,Georgia Institute of Technology,16,9.39,,,0,6,3,8,3,13,3,27,3
Andrew Kosic,Georgia Institute of Technology,15,1.14,,,0,,,62,4,81,4,143,17.875
Anton Lagerqvist,Georgia Institute of Technology,15,1.32,,,0,,,10,3,,,10,3.333333333
Nicholas Lamontagne,Georgia Institute of Technology,17,16.94,,,0,,,,,,,0,0
Richard Lehner,Georgia Institute of Technology,16,6.92,,,0,16,3,22,3,23,3,61,6.777777778
Andreas Nilsson,Georgia Institute of Technology,15,26.92,,,0,,,0,3,,,0,0
Declan Poorman,Georgia Institute of Technology,14,2.77,,,0,,,,,14,3,14,4.666666667
Yuval Safra,Georgia Institute of Technology,17,-1,18,3,6,55,3,47,3,,,120,13.33333333
Ryan Salmon,Georgia Institute of Technology,15,17.42,,,0,,,0,3,,,0,0
Mark Sarman,Georgia Institute of Technology,15,6.33,,,0,,,11,2,28,3,39,7.8
Kevin Smith,Georgia Institute of Technology,17,9.89,,,0,,,,,,,0,0
Benjamin Southern,Georgia Institute of Technology,17,5.81,17,3,5.666666667,15,3,23,3,47,3,102,8.5
Shu-tao Wei,Georgia Institute of Technology,15,18.42,,,0,,,,,,,0,0
Mats Westergren,Georgia Institute of Technology,16,2.1,,,0,14,3,0,3,0,3,14,1.555555556
Taylor Wilson,Georgia Institute of Technology,16,9.88,,,0,0,4,0,4,,,0,0
Manuel Barragan,Georgia Institute of Technology,18,3.89,,,0,,,,,,,0,0
Dan Cohen Solal,Georgia Institute of Technology,18,10.59,,,0,0,3,0,3,,,0,0
Youssef Hammoud,Georgia Institute of Technology,16,23,,,0,,,32,3,64,3,96,16
Noah Harasz,Georgia Institute of Technology,18,3.28,20,3,6.666666667,17,3,0,3,0,3,37,3.083333333
Mark Keaveney,Georgia Institute of Technology,18,4.84,3,4,0.75,13,3,,,,,16,2.285714286
Alexander Kimpel,Georgia Institute of Technology,18,1.73,,,0,37,3,33,3,4,3,74,8.222222222
Stefan Kranenburg,Georgia Institute of Technology,18,4.93,,,0,,,0,3,,,0,0
Moises Loschi,Georgia Institute of Technology,18,-1,16,4,4,55,3,51,3,48,3,170,13.07692308
William Oberg,Georgia Institute of Technology,18,2.19,8,5,1.6,24,3,11,3,6,3,49,3.5
Brian Woodbury,Georgia Institute of Technology,18,3.31,9,4,2.25,7,4,0,3,,,16,1.454545455
Matthew Casillas,Georgia Institute of Technology,19,100,39,3,13,47,3,48,3,52,3,186,15.5
Rodrigo Correia,Georgia Institute of Technology,19,100,,,0,,,,,,,0,0
Alexander Goerzen,Georgia Institute of Technology,17,9.41,,,0,,,,,24,3,24,8
Nolan Mallet,Georgia Institute of Technology,19,100,6,3,2,7,3,0,1,14,3,27,2.7
Joseph Portillo,Georgia Institute of Technology,19,23.28,,,0,4,3,0,3,4,3,8,0.888888889
Colton Williamson,Georgia Institute of Technology,19,17.23,32,3,10.66666667,33,3,43,3,24,3,132,11
Edwin Zhao,Georgia Institute of Technology,19,19.05,,,0,,,,,,,0,0
Brennan Day,Georgia Institute of Technology,20,8.77,4,3,1.333333333,5,3,0,3,1,3,10,0.833333333
Clayton Hering,Georgia Institute of Technology,20,6.38,0,2,0,9,3,3,3,9,3,21,1.909090909
Joonas Koski,Georgia Institute of Technology,20,13.05,,,0,11,3,11,3,18,3,40,4.444444444
Aidan Pastel,Georgia Institute of Technology,20,5.94,,,0,,,,,,,0,0
Tim Slanschek,Georgia Institute of Technology,20,6.45,24,3,8,16,3,14,3,16,4,70,5.384615385
Quientin Talley,Georgia Institute of Technology,20,-1,,,0,,,,,,,0,0
Austin Whalen,Georgia Institute of Technology,20,9.91,,,0,,,,,,,0,0
Oskar Zimowski,Georgia Institute of Technology,20,12.59,,,0,,,,,,,0,0
Aidan Brook,Georgia Institute of Technology,21,28.11,,,0,,,,,,,0,0
Henry Carman,Georgia Institute of Technology,21,100,,,0,,,,,,,0,0
Austin Daniel,Georgia Institute of Technology,21,12.6,,,0,0,3,0,2,,,0,0
Christian Ferraro,Georgia Institute of Technology,21,7.94,38,3,12.66666667,17,2,41,3,,,96,12
Jacob Kreider,Georgia Institute of Technology,21,100,8,3,2.666666667,15,3,0,1,,,23,3.285714286
Corben Miles,Georgia Institute of Technology,21,5.99,0,3,0,6,3,7,1,,,13,1.857142857
Jeffrey Murray,Georgia Institute of Technology,21,8.92,,,0,,,,,,,0,0
Caio PUMPUTIS,Georgia Institute of Technology,21,1.61,57,3,19,92,4,71,4,,,220,20
Franco Reyes,Georgia Institute of Technology,21,3.37,0,3,0,,,,,,,0,0
Jonathan Vater,Georgia Institute of Technology,21,7.52,,,0,,,,,,,0,0
Davis Waln,Georgia Institute of Technology,21,100,,,0,,,,,,,0,0
Leon Warnakulasuriya,Georgia Institute of Technology,21,14.24,,,0,,,,,,,0,0
Jonathan Yang,Georgia Institute of Technology,21,5.71,1,2,0.5,,,3,3,,,4,0.8
Qian Zhi,Georgia Institute of Technology,21,3.35,0,3,0,,,0,3,,,0,0
Kyle Barone,Georgia Institute of Technology,22,6.23,23,4,5.75,42,5,,,,,65,7.222222222
Tyler Branscombe,Georgia Institute of Technology,22,14.32,,,0,,,,,,,0,0
Tanner Doan,Georgia Institute of Technology,22,13.28,0,4,0,0,3,,,,,0,0
Daniel Jacobs,Georgia Institute of Technology,22,9.55,0,3,0,1,3,,,,,1,0.166666667
Darren LIM,Georgia Institute of Technology,22,6.76,4,3,1.333333333,3,3,,,,,7,1.166666667
Gabriel Munoz,Georgia Institute of Technology,22,6.68,,,0,,,,,,,0,0
Cale Russell,Georgia Institute of Technology,22,6.98,5,3,1.666666667,14,3,,,,,19,3.166666667
Clark Wakeland,Georgia Institute of Technology,22,7.43,0,3,0,,,,,,,0,0
Austin Carroll,Georgia Institute of Technology,23,20.37,,,0,,,,,,,0,0
Josh Cohen,Georgia Institute of Technology,23,5.81,0,4,0,,,,,,,0,0
Jackson Harvin,Georgia Institute of Technology,23,12.27,,,0,,,,,,,0,0
Daniel Kertesz,Georgia Institute of Technology,23,5.94,14,3,4.666666667,,,,,,,14,4.666666667
Ruben Lechuga,Georgia Institute of Technology,23,100,46,3,15.33333333,,,,,,,46,15.33333333
Dylan Scott,Georgia Institute of Technology,23,9.43,14,3,4.666666667,,,,,,,14,4.666666667
Samuel Wichter,Georgia Institute of Technology,23,100,,,0,,,,,,,0,0
Simonas Bilis,North Carolina State University,16,1.7,,,0,86,3,96,3,88,3,270,30
Ian Bishop,North Carolina State University,15,3.84,,,0,,,61,3,,,61,20.33333333
Jonathan Boffa,North Carolina State University,15,30.94,,,0,,,78,3,,,78,26
Michael Camper,North Carolina State University,15,9.36,,,0,,,58,3,,,58,19.33333333
Geoffrey Carter,North Carolina State University,17,4.79,,,0,,,,,,,0,0
Stephen Coetzer,North Carolina State University,15,9.92,,,0,,,78,3,73,3,151,25.16666667
Soeren Dahl,North Carolina State University,17,1.28,46,3,15.33333333,75,4,83,3,85,3,289,22.23076923
Jason Deana,North Carolina State University,16,2.92,,,0,22,3,27,3,30,3,79,8.777777778
Alexander Hamilton,North Carolina State University,17,8.41,,,0,10,3,25,3,,,35,5.833333333
Chad Harrington,North Carolina State University,15,32.45,,,0,,,,,,,0,0
Derek Hren,North Carolina State University,17,2.9,7,3,2.333333333,43,3,48,3,47,3,145,12.08333333
Michael Hurdle,North Carolina State University,15,13.91,,,0,,,,,,,0,0
Scott Johnson,North Carolina State University,17,3.4,27,3,9,8,3,29,3,53,3,117,9.75
Adam Linker,North Carolina State University,17,6.31,32,3,10.66666667,54,3,67,3,77,3,230,19.16666667
Maximus Litvinov,North Carolina State University,15,37.95,,,0,,,,,,,0,0
Jacob Matysek,North Carolina State University,15,11.91,,,0,,,,,,,0,0
Christian McCurdy,North Carolina State University,16,3.24,,,0,87,3,82,3,79,3,248,27.55555556
Roger Miesfeld,North Carolina State University,15,2.32,,,0,,,33,3,,,33,11
John Newell,North Carolina State University,15,3.39,,,0,,,26,3,53,3,79,13.16666667
Matthew O'Donnell,North Carolina State University,17,-1,,,0,36,3,,,32,3,68,11.33333333
Grant Saale,North Carolina State University,14,100,,,0,,,,,23,3,23,7.666666667
Andreas Schiellerup,North Carolina State University,17,1.29,69,4,17.25,71,4,74,3,65,3,279,19.92857143
Stuart Sharp,North Carolina State University,14,2.6,,,0,,,,,,,0,0
Austin Snyder,North Carolina State University,16,-1,,,0,53,3,43,3,71,3,167,18.55555556
Matthew Thomas,North Carolina State University,15,2.52,,,0,,,44,3,,,44,14.66666667
Andrew Tollefson,North Carolina State University,15,11.4,,,0,,,,,,,0,0
Brian Via,North Carolina State University,15,11.91,,,0,,,,,,,0,0
Ryan Wilkinson,North Carolina State University,16,94.94,,,0,,,,,,,0,0
David Williams,North Carolina State University,15,7.94,,,0,,,82,3,82,3,164,27.33333333
Colin Ellington,North Carolina State University,15,1.12,,,0,,,,,,,0,0
Noah Franz,North Carolina State University,18,10.58,,,0,,,,,,,0,0
Ryan Held,North Carolina State University,18,1.17,79,3,26.33333333,91,3,96,3,96,3,362,30.16666667
Anton Ipsen,North Carolina State University,18,1,90,3,30,84,3,85,3,96,3,355,29.58333333
Charles Mitchell,North Carolina State University,18,31.95,,,0,,,9,3,,,9,3
Harrison Mitchell,North Carolina State University,15,-1,,,0,,,,,,,0,0
Jacob Siar,North Carolina State University,16,7.98,,,0,,,,,27,3,27,9
Hennessey Stuart,North Carolina State University,18,1.17,72,3,24,77,4,68,3,63,3,280,21.53846154
Jabari Baptiste,North Carolina State University,19,2.11,,,0,,,,,,,0,0
Joseph Bonk,North Carolina State University,17,1.74,40,3,13.33333333,,,65,3,44,3,149,16.55555556
James Bretscher,North Carolina State University,19,10.96,41,3,13.66666667,17,3,67,3,58,3,183,15.25
Jon Burkett,North Carolina State University,19,3.77,,,0,,,,,,,0,0
Parker Campbell,North Carolina State University,19,4.35,,,0,,,,,,,0,0
Daniel Graber,North Carolina State University,19,17.22,,,0,,,37,3,48,2,85,17
Justin Moore,North Carolina State University,19,24.83,,,0,,,,,,,0,0
John Poff,North Carolina State University,19,5.72,,,0,,,,,,,0,0
Justin Ress,North Carolina State University,19,7.96,75,3,25,80,4,88,3,76,3,319,24.53846154
Mason Revis,North Carolina State University,19,17.96,,,0,,,,,,,0,0
Patrik Schwarzenbach,North Carolina State University,19,13.7,35,3,11.66666667,,,,,,,35,11.66666667
Stewart Spanbauer,North Carolina State University,19,100,,,0,,,,,,,0,0
Quinlan Stuart,North Carolina State University,19,5.4,,,0,,,,,,,0,0
James Brady,North Carolina State University,20,69.49,25,3,8.333333333,52,3,58,3,82,3,217,18.08333333
Daniel Erlenmeyer,North Carolina State University,20,1.55,28,3,9.333333333,49,3,35,2,47,3,159,14.45454545
Lucca Martins,North Carolina State University,20,2.87,,,0,,,,,,,0,0
Mark McGlaughlin,North Carolina State University,20,1.21,1,3,0.333333333,,,39,3,44,3,84,9.333333333
John McIntyre,North Carolina State University,20,5.38,17,3,5.666666667,,,72,3,,,89,14.83333333
Tyler Rice,North Carolina State University,20,1.71,,,0,8,3,,,,,8,2.666666667
Coleman Stewart,North Carolina State University,20,11.35,68,4,17,92,4,92,5,92,5,344,19.11111111
Andreas VAZAIOS,North Carolina State University,18,1.2,,,0,,,91,5,83,3,174,21.75
Zack Warner,North Carolina State University,18,1.92,,,0,,,,,,,0,0
Daniel Forndal,North Carolina State University,21,1.88,,,0,,,,,,,0,0
Cobe Garcia,North Carolina State University,19,20.94,,,0,,,28,3,22,3,50,8.333333333
John Gray,North Carolina State University,21,100,13,3,4.333333333,45,3,,,,,58,9.666666667
Giovanni IZZO,North Carolina State University,21,1.61,71,3,23.66666667,55,3,,,,,126,21
Gil kiesler,North Carolina State University,21,7.13,32,3,10.66666667,43,3,16,3,,,91,10.11111111
Eric Knowles,North Carolina State University,21,2.13,73,3,24.33333333,85,3,75,4,,,233,23.3
Jacob Molacek,North Carolina State University,18,1,,,0,,,,,41,3,41,13.66666667
Luke Sobolewski,North Carolina State University,21,2.82,,,0,,,40,3,,,40,13.33333333
Raymond Van Deusen,North Carolina State University,21,6.19,,,0,,,,,,,0,0
Zachary Brown,North Carolina State University,22,1.76,34,3,11.33333333,57,3,,,,,91,15.16666667
John Healy,North Carolina State University,22,7.51,,,0,,,,,,,0,0
Nyls Korstanje,North Carolina State University,22,1,69,3,23,91,3,,,,,160,26.66666667
Rafał Kusto,North Carolina State University,22,3.08,,,0,,,,,,,0,0
Jack Moranetz,North Carolina State University,22,8.61,,,0,,,,,,,0,0
Nathaniel Mullens,North Carolina State University,22,10.18,,,0,,,,,,,0,0
Curtis Wiltsey,North Carolina State University,22,4.22,,,0,30,3,,,,,30,10
Bayne Bennett,North Carolina State University,23,100,28,3,9.333333333,,,,,,,28,9.333333333
Noah Bowers,North Carolina State University,23,1.31,31,3,10.33333333,,,,,,,31,10.33333333
Kevin Childs,North Carolina State University,23,11.08,,,0,,,,,,,0,0
Zachary Cram,North Carolina State University,23,3.96,,,0,,,,,,,0,0
Ross Dant,North Carolina State University,23,1.18,75,3,25,,,,,,,75,25
Ergecan Gezmis,North Carolina State University,21,2.05,,,0,,,72,3,,,72,24
Kimani Gregory,North Carolina State University,23,3.17,,,0,,,,,,,0,0
Thomas Hamlet,North Carolina State University,23,5.41,,,0,,,,,,,0,0
Owen Hanna,North Carolina State University,23,11.43,,,0,,,,,,,0,0
Noah Henderson,North Carolina State University,23,3.7,45,3,15,,,,,,,45,15
Lawrence O'Brien,North Carolina State University,23,-1,13,3,4.333333333,,,,,,,13,4.333333333
Hunter Tapp,North Carolina State University,23,2.49,24,3,8,,,,,,,24,8
William Waite,North Carolina State University,23,14.43,,,0,,,,,,,0,0
Markus Wennborg,North Carolina State University,23,10.56,,,0,,,,,,,0,0
Samuel Dorman,University of Miami (Florida),15,100,,,0,,,56,2,41,2,97,24.25
Zachary Nees,University of Miami (Florida),14,100,,,0,,,,,24,2,24,12
Stephen Wilfong,University of Miami (Florida),17,100,50,2,25,,,,,,,50,25
Tanner Wilfong,University of Miami (Florida),17,100,,,0,,,,,,,0,0
Briadam Herrera,University of Miami (Florida),18,100,64,2,32,64,2,56,2,64,2,248,31
Tanner Willfong,University of Miami (Florida),17,-1,,,0,,,28,1,,,28,28
David Dinsmore,University of Miami (Florida),20,100,52,2,26,32,1,32,1,32,1,148,29.6
Zachary Cooper,University of Miami (Florida),21,100,62,3,20.66666667,65,3,28,1,,,155,22.14285714
Max Flory,University of Miami (Florida),23,100,61,3,20.33333333,,,,,,,61,20.33333333
Brodie Scapens,University of Miami (Florida),20,-1,,,0,,,,,76,3,76,25.33333333
Joshua Beals,"University of North Carolina, Chapel Hill",14,2.09,,,0,,,,,0,3,0,0
Brian Bollerman,"University of North Carolina, Chapel Hill",15,3.82,,,0,,,30,3,44,3,74,12.33333333
Christian Caveness,"University of North Carolina, Chapel Hill",17,6.87,,,0,,,,,,,0,0
Benjamin Colley,"University of North Carolina, Chapel Hill",16,7.14,,,0,62,3,71,4,75,3,208,20.8
Matthew Conway,"University of North Carolina, Chapel Hill",17,2.21,3,3,1,,,41,3,14,3,58,6.444444444
William Deforest,"University of North Carolina, Chapel Hill",17,4.24,7,3,2.333333333,30,3,20,3,,,57,6.333333333
Bradley Dillon,"University of North Carolina, Chapel Hill",15,10.9,,,0,,,63,3,,,63,21
Kyle Ficker,"University of North Carolina, Chapel Hill",15,22.44,,,0,,,,,,,0,0
Ryan Fox,"University of North Carolina, Chapel Hill",15,100,,,0,,,45,3,39,3,84,14
Alexander Gianino,"University of North Carolina, Chapel Hill",15,3.84,,,0,,,79,3,,,79,26.33333333
Dominick Glavich,"University of North Carolina, Chapel Hill",15,2.16,,,0,,,43,3,16,2,59,11.8
Christian Gondek,"University of North Carolina, Chapel Hill",17,18.92,,,0,,,,,,,0,0
Clifton Gordon,"University of North Carolina, Chapel Hill",15,5.33,,,0,,,,,,,0,0
Nicolas Graesser,"University of North Carolina, Chapel Hill",17,2.74,35,4,8.75,68,4,67,4,,,170,14.16666667
Logan Heck,"University of North Carolina, Chapel Hill",17,1.69,22,3,7.333333333,31,3,18,3,,,71,7.888888889
Tyler Hill,"University of North Carolina, Chapel Hill",15,3.77,,,0,,,17,3,28,4,45,6.428571429
Matthew Kwatyra,"University of North Carolina, Chapel Hill",17,2.24,,,0,,,,,,,0,0
Samuel Lewis,"University of North Carolina, Chapel Hill",17,2.73,68,3,22.66666667,75,4,84,4,,,227,20.63636364
Nicholas Lowe,"University of North Carolina, Chapel Hill",15,7.39,,,0,,,,,23,3,23,7.666666667
Bryce Mendes,"University of North Carolina, Chapel Hill",15,34.43,,,0,,,,,,,0,0
Osmund Moyer,"University of North Carolina, Chapel Hill",17,100,,,0,44,3,29,3,,,73,12.16666667
Patrick Myers,"University of North Carolina, Chapel Hill",15,2.01,,,0,,,54,3,41,3,95,15.83333333
Jack Nyquist,"University of North Carolina, Chapel Hill",17,100,53,3,17.66666667,71,3,65,3,58,3,247,20.58333333
Lucas Popp,"University of North Carolina, Chapel Hill",14,3.86,,,0,,,,,8,3,8,2.666666667
Michael Popp,"University of North Carolina, Chapel Hill",14,-1,,,0,,,,,,,0,0
Patrick Riess,"University of North Carolina, Chapel Hill",17,5.86,,,0,,,,,,,0,0
David Speese,"University of North Carolina, Chapel Hill",15,2.82,,,0,,,17,3,20,3,37,6.166666667
Theodore Steinkamp,"University of North Carolina, Chapel Hill",14,-1,,,0,,,,,,,0,0
John Stilley,"University of North Carolina, Chapel Hill",15,4.81,,,0,,,48,3,,,48,16
Eugene Tee,"University of North Carolina, Chapel Hill",17,2.15,22,3,7.333333333,,,12,3,2,3,36,4
Graham Williams,"University of North Carolina, Chapel Hill",15,3.83,,,0,,,,,,,0,0
Kurt Wolhrab,"University of North Carolina, Chapel Hill",16,8.24,,,0,27,3,48,3,48,3,123,13.66666667
Sean Burston,"University of North Carolina, Chapel Hill",18,100,40,3,13.33333333,,,40,3,32,3,112,12.44444444
Bailey Burt,"University of North Carolina, Chapel Hill",15,-1,,,0,,,,,,,0,0
Henry Campbell,"University of North Carolina, Chapel Hill",18,2.71,75,3,25,73,3,82,3,45,4,275,21.15384615
James Casey,"University of North Carolina, Chapel Hill",18,21.15,,,0,,,0,3,4,3,4,0.666666667
William Close,"University of North Carolina, Chapel Hill",15,9.43,,,0,,,,,,,0,0
Robert Douglas,"University of North Carolina, Chapel Hill",15,5.94,,,0,,,,,,,0,0
Corey John,"University of North Carolina, Chapel Hill",15,3.3,,,0,,,,,,,0,0
Luke Lechner,"University of North Carolina, Chapel Hill",18,3.3,,,0,,,,,,,0,0
Michael McBryan,"University of North Carolina, Chapel Hill",18,1.84,,,0,36,3,39,3,52,3,127,14.11111111
Weston Miller,"University of North Carolina, Chapel Hill",15,5.86,,,0,,,,,,,0,0
Philip Perdue,"University of North Carolina, Chapel Hill",18,2.64,6,3,2,2,3,0,3,0,3,8,0.666666667
Dalton Shaw,"University of North Carolina, Chapel Hill",18,3.71,,,0,14,3,,,,,14,4.666666667
Thomas Bilden,"University of North Carolina, Chapel Hill",19,9.82,,,0,,,,,,,0,0
Noah Cairns,"University of North Carolina, Chapel Hill",19,12.29,10,3,3.333333333,7,3,2,4,,,19,1.9
Patrick Cusick,"University of North Carolina, Chapel Hill",19,14.93,14,3,4.666666667,18,3,1,3,5,3,38,3.166666667
William Harrison,"University of North Carolina, Chapel Hill",19,4.46,12,3,4,,,,,,,12,4
William Martin,"University of North Carolina, Chapel Hill",19,15.88,,,0,,,,,,,0,0
Zuhayr Pigot,"University of North Carolina, Chapel Hill",19,14.69,,,0,,,,,,,0,0
Austin Sellers,"University of North Carolina, Chapel Hill",19,14.43,,,0,6,3,2,3,2,3,10,1.111111111
John Welker,"University of North Carolina, Chapel Hill",19,26.7,,,0,,,,,,,0,0
Bryan Allen,"University of North Carolina, Chapel Hill",20,100,23,3,7.666666667,24,3,34,3,29,3,110,9.166666667
Devin Bellamy,"University of North Carolina, Chapel Hill",20,100,11,3,3.666666667,,,,,,,11,3.666666667
Gregory Brocato,"University of North Carolina, Chapel Hill",20,1.2,3,3,1,0,3,0,3,3,3,6,0.5
John Cobb,"University of North Carolina, Chapel Hill",20,6.41,7,3,2.333333333,5,3,,,,,12,2
Craig Emslie,"University of North Carolina, Chapel Hill",18,-1,,,0,,,51,4,,,51,12.75
Brendan Feehery,"University of North Carolina, Chapel Hill",20,2.3,,,0,6,3,,,,,6,2
Andrew Heise,"University of North Carolina, Chapel Hill",20,9.56,,,0,,,,,0,3,0,0
Max Jenkins,"University of North Carolina, Chapel Hill",20,100,,,0,,,,,,,0,0
Jorden Merrilees,"University of North Carolina, Chapel Hill",17,5.32,,,0,,,,,76,4,76,19
Michael Meyer,"University of North Carolina, Chapel Hill",17,42.08,,,0,,,,,72,3,72,24
Andrew Owsiany,"University of North Carolina, Chapel Hill",20,100,4,3,1.333333333,,,12,3,9,3,25,2.777777778
Graham Weaver,"University of North Carolina, Chapel Hill",20,6.65,,,0,,,,,,,0,0
Valdas Abaliksta,"University of North Carolina, Chapel Hill",21,12.76,35,3,11.66666667,35,3,51,3,,,121,13.44444444
James Courtney,"University of North Carolina, Chapel Hill",21,10.45,,,0,,,,,,,0,0
Dimitrios Dimitriou,"University of North Carolina, Chapel Hill",21,4.34,26,3,8.666666667,0,3,39,3,,,65,7.222222222
Gregory Duncan,"University of North Carolina, Chapel Hill",21,100,64,3,21.33333333,,,,,,,64,21.33333333
Alvin Jiang,"University of North Carolina, Chapel Hill",21,2.09,32,3,10.66666667,29,4,,,,,61,8.714285714
Daniel Koenigsperger,"University of North Carolina, Chapel Hill",21,17.62,,,0,0,3,0,3,,,0,0
Nicholas Loomis,"University of North Carolina, Chapel Hill",19,8.93,,,0,,,1,3,2,3,3,0.5
Coleman Manchester,"University of North Carolina, Chapel Hill",21,11.59,,,0,,,,,,,0,0
William Messenger,"University of North Carolina, Chapel Hill",21,5.9,0,3,0,0,3,35,3,,,35,3.888888889
Nicholas Palmer,"University of North Carolina, Chapel Hill",21,10.32,,,0,,,0,3,,,0,0
Hans Schroeder,"University of North Carolina, Chapel Hill",21,5.2,0,3,0,,,,,,,0,0
Christopher Thames,"University of North Carolina, Chapel Hill",21,4.01,16,3,5.333333333,15,3,32,3,,,63,7
Thomas Bretzmann,"University of North Carolina, Chapel Hill",22,3.44,4,3,1.333333333,0,3,,,,,4,0.666666667
Tucker Burhans,"University of North Carolina, Chapel Hill",22,7.91,0,3,0,7,4,,,,,7,1
Eli Coan,"University of North Carolina, Chapel Hill",21,11.48,,,0,13,3,0,3,,,13,2.166666667
Andrew Owslany,"University of North Carolina, Chapel Hill",19,-1,,,0,,,,,,,0,0
Jacob Rauch,"University of North Carolina, Chapel Hill",22,7.56,7,3,2.333333333,36,3,,,,,43,7.166666667
Sterling Smith,"University of North Carolina, Chapel Hill",22,4.7,22,3,7.333333333,,,,,,,22,7.333333333
Tomas Sungalia,"University of North Carolina, Chapel Hill",22,5.16,0,3,0,29,3,,,,,29,4.833333333
Luka Tomic,"University of North Carolina, Chapel Hill",20,32.32,,,0,,,,,0,4,0,0
Leo Collins,"University of North Carolina, Chapel Hill",23,12.07,,,0,,,,,,,0,0
Alexander Hart,"University of North Carolina, Chapel Hill",23,56.44,48,2,24,,,,,,,48,24
Adam Kerr,"University of North Carolina, Chapel Hill",23,11.51,,,0,,,,,,,0,0
Donovan Lahmann,"University of North Carolina, Chapel Hill",23,13.79,,,0,,,,,,,0,0
Alex Mayes,"University of North Carolina, Chapel Hill",23,100,,,0,,,,,,,0,0
Alexander Mays,"University of North Carolina, Chapel Hill",23,16.46,8,4,2,,,,,,,8,2
Samson Mumber,"University of North Carolina, Chapel Hill",23,26.62,,,0,,,,,,,0,0
Andrew Rafalko,"University of North Carolina, Chapel Hill",23,20.82,,,0,,,,,,,0,0
Fabian Stepinski,"University of North Carolina, Chapel Hill",23,100,38,3,12.66666667,,,,,,,38,12.66666667
Santos Villalon,"University of North Carolina, Chapel Hill",23,12.57,,,0,,,,,,,0,0
Thomas Anderson,University of Notre Dame,17,1.08,48,3,16,52,3,19,3,17,3,136,11.33333333
Bogac Ayhan,University of Notre Dame,16,6.41,,,0,21,4,30,4,24,4,75,6.25
Colin Babcock,University of Notre Dame,15,9.92,,,0,,,48,3,,,48,16
Kevin Bradley,University of Notre Dame,17,4.74,7,3,2.333333333,23,3,28,3,49,3,107,8.916666667
MATTHEW BUERGER,University of Notre Dame,16,2.22,,,0,31,3,,,,,31,10.33333333
Joshua Choi,University of Notre Dame,15,6.85,,,0,,,,,,,0,0
Jack Cobain,University of Notre Dame,14,7.39,,,0,,,,,,,0,0
Joseph Coumos,University of Notre Dame,17,100,27,3,9,33,3,,,61,3,121,13.44444444
Joseph Cuomos,University of Notre Dame,14,-1,,,0,,,,,,,0,0
Matthew DeBlasio,University of Notre Dame,15,3.15,,,0,,,1,3,12,3,13,2.166666667
Frank Dyer,University of Notre Dame,15,2.22,,,0,,,79,3,,,79,26.33333333
Reed Fujan,University of Notre Dame,17,5.3,,,0,13,3,27,3,40,3,80,8.888888889
Michael Hudspith,University of Notre Dame,16,12.26,,,0,,,,,1,3,1,0.333333333
Kevin Hughes,University of Notre Dame,15,3.3,,,0,,,59,3,,,59,19.66666667
Trent Jackson,University of Notre Dame,17,5.38,15,3,5,27,3,51,3,68,3,161,13.41666667
Brennan Jacobsen,University of Notre Dame,15,2.65,,,0,,,21,3,,,21,7
Andrew Jensen,University of Notre Dame,16,16.21,,,0,,,0,3,3,3,3,0.5
Broderick Kelley,University of Notre Dame,15,9.4,,,0,,,,,,,0,0
Michael Kreft,University of Notre Dame,15,100,,,0,,,29,3,14,3,43,7.166666667
James Lichtenstein,University of Notre Dame,17,100,,,0,24,3,15,3,28,3,67,7.444444444
James McEldrew,University of Notre Dame,15,5.84,,,0,,,,,,,0,0
Shane McKenzie,University of Notre Dame,16,10.88,,,0,,,,,8,3,8,2.666666667
Cameron Miller,University of Notre Dame,15,2.31,,,0,,,38,3,31,3,69,11.5
Patrick Murphy,University of Notre Dame,15,9.89,,,0,,,,,,,0,0
John Nappi,University of Notre Dame,15,2.71,,,0,,,43,3,31,3,74,12.33333333
Bertie Nel,University of Notre Dame,15,-1,,,0,,,9,3,,,9,3
Nicholas Nemetz,University of Notre Dame,15,100,,,0,,,13,3,16,3,29,4.833333333
Patrick Olson,University of Notre Dame,15,5.32,,,0,,,6,3,8,3,14,2.333333333
Joseph Petrone,University of Notre Dame,17,4.26,,,0,0,3,3,3,,,3,0.5
Michael Scheid,University of Notre Dame,16,8.4,,,0,,,,,,,0,0
Jin Sim,University of Notre Dame,14,100,,,0,,,,,,,0,0
Zachary Stephens,University of Notre Dame,15,2.78,,,0,,,92,3,43,3,135,22.5
Theodore Wagner,University of Notre Dame,15,100,,,0,,,9,3,,,9,3
Jonathan Williamson,University of Notre Dame,15,4.24,,,0,,,55,3,32,3,87,14.5
Harlin Bessire,University of Notre Dame,18,4.86,,,0,,,,,,,0,0
Lichtenstein Coumos,University of Notre Dame,15,-1,,,0,,,,,,,0,0
Benjamin Jany,University of Notre Dame,18,6.34,12,3,4,,,27,3,,,39,6.5
Joseph Krause,University of Notre Dame,15,2.74,,,0,,,,,,,0,0
Nemetz Kreft,University of Notre Dame,15,-1,,,0,,,,,,,0,0
Richard Mannix,University of Notre Dame,18,2.76,,,0,18,3,50,3,42,3,110,12.22222222
Peter Myers,University of Notre Dame,18,100,,,0,,,,,22,3,22,7.333333333
Gabriel Ostler,University of Notre Dame,15,3.32,,,0,,,,,,,0,0
Justin Plaschka,University of Notre Dame,18,1.23,23,3,7.666666667,73,3,74,3,44,3,214,17.83333333
Michael Schiffer,University of Notre Dame,15,4.86,,,0,,,,,,,0,0
Myers Wagner,University of Notre Dame,15,-1,,,0,,,,,,,0,0
Robert Whitacre,University of Notre Dame,18,3.88,23,3,7.666666667,39,3,61,4,77,4,200,14.28571429
Tabahn Afrik,University of Notre Dame,19,9.48,15,2,7.5,54,3,24,3,11,3,104,9.454545455
Billy Barth,University of Notre Dame,19,13.6,,,0,,,,,,,0,0
Connor Brown,University of Notre Dame,19,11.38,12,3,4,1,3,,,,,13,2.166666667
Daniel Fujan,University of Notre Dame,19,26.61,,,0,,,,,,,0,0
Benjamin Gorski,University of Notre Dame,19,15.77,,,0,,,18,3,,,18,6
Matthew Grauslys,University of Notre Dame,19,10.39,48,3,16,25,3,21,3,26,3,120,10
Maciej Olszewski,University of Notre Dame,19,5.88,,,0,,,,,,,0,0
Zane Parker,University of Notre Dame,16,-1,,,0,,,,,9,2,9,4.5
Jack Russell,University of Notre Dame,19,23.32,,,0,,,,,0,3,0,0
Steven Shek,University of Notre Dame,19,16.88,1,3,0.333333333,,,30,3,24,3,55,6.111111111
Daniel Speers,University of Notre Dame,19,13.53,33,2,16.5,48,2,43,3,,,124,17.71428571
David Stewart,University of Notre Dame,19,23.35,,,0,,,,,,,0,0
Zachary Stump,University of Notre Dame,19,21.42,,,0,,,,,,,0,0
Cristian Herrera,University of Notre Dame,20,100,,,0,,,,,,,0,0
Soren Holm,University of Notre Dame,17,100,,,0,,,,,0,3,0,0
Nicholas Milikich,University of Notre Dame,20,7.05,4,3,1.333333333,10,3,2,3,18,3,34,2.833333333
Jack Montesi,University of Notre Dame,20,-1,30,3,10,45,3,43,4,44,4,162,11.57142857
Rex Riley,University of Notre Dame,20,6.74,,,0,,,2,2,18,3,20,4
Aaron Schultz,University of Notre Dame,20,1.24,15,3,5,61,3,45,3,42,4,163,12.53846154
Aidan Sweeney,University of Notre Dame,17,7.35,,,0,,,,,,,0,0
Joseph Turk,University of Notre Dame,20,4.67,4,3,1.333333333,17,3,14,3,,,35,3.888888889
Luke Barrett,University of Notre Dame,21,18.24,,,0,,,,,,,0,0
John Becker,University of Notre Dame,21,11.86,,,0,,,,,,,0,0
Garrett Clarke,University of Notre Dame,18,14.08,,,0,,,,,29,3,29,9.666666667
Will Cumberland,University of Notre Dame,21,-1,6,3,2,34,3,40,3,,,80,8.888888889
Sadler McKeen,University of Notre Dame,21,3.81,31,3,10.33333333,27,3,57,3,,,115,12.77777778
Justin Roy,University of Notre Dame,21,10.42,,,0,,,,,,,0,0
Brendan Santana,University of Notre Dame,21,2.29,31,4,7.75,,,,,,,31,7.75
Christopher Smith,University of Notre Dame,21,1.34,,,0,,,,,,,0,0
David Waszak,University of Notre Dame,21,100,12,3,4,,,,,,,12,4
Zachary Yeadon,University of Notre Dame,21,1.24,56,3,18.66666667,50,3,80,3,,,186,20.66666667
Daniel Bannon,University of Notre Dame,22,13,,,0,,,,,,,0,0
Márton Barta,University of Notre Dame,22,1.39,,,0,,,,,,,0,0
Joshua Bottelberghe,University of Notre Dame,22,1.81,43,3,14.33333333,51,3,,,,,94,15.66666667
Austin Flaute,University of Notre Dame,22,100,30,3,10,15,3,,,,,45,7.5
Matthew Limbacher,University of Notre Dame,22,8.02,14,3,4.666666667,16,3,,,,,30,5
Maxwell Miranda,University of Notre Dame,22,3.1,18,3,6,42,3,,,,,60,10
David Petrison,University of Notre Dame,22,100,9,3,3,11,3,,,,,20,3.333333333
Zachary Smith,University of Notre Dame,22,1.87,30,3,10,5,3,,,,,35,5.833333333
Matthew Somerville,University of Notre Dame,22,-1,,,0,,,,,,,0,0
Andrew Winton,University of Notre Dame,22,1.85,35,3,11.66666667,7,3,,,,,42,7
William Barao,University of Notre Dame,23,2.29,16,3,5.333333333,,,,,,,16,5.333333333
Nicholas Chase,University of Notre Dame,23,19.93,,,0,,,,,,,0,0
David DeBacker,University of Notre Dame,23,100,12,3,4,,,,,,,12,4
Alec DeLong,University of Notre Dame,23,9.59,,,0,,,,,,,0,0
John Fitzpatrick,University of Notre Dame,23,6.71,12,3,4,,,,,,,12,4
Jack Hoagland,University of Notre Dame,23,4.91,83,3,27.66666667,,,,,,,83,27.66666667
Liam Hutchinson,University of Notre Dame,23,6.43,,,0,,,,,,,0,0
Charles Korndorffer,University of Notre Dame,23,13.95,,,0,,,,,,,0,0
William Rains,University of Notre Dame,23,100,,,0,,,,,,,0,0
Michael Rosa,University of Notre Dame,23,16.73,,,0,,,,,,,0,0
Topher Stensby,University of Notre Dame,23,5.35,,,0,,,,,,,0,0
Luke Thornbrue,University of Notre Dame,23,1.72,,,0,,,,,,,0,0
Nicholas Torres,University of Notre Dame,23,8.5,,,0,,,,,,,0,0
Cason Wilburn,University of Notre Dame,23,2.2,0,3,0,,,,,,,0,0
Kourosh Ahani,University of Pittsburgh,15,3.41,,,0,,,12,3,17,3,29,4.833333333
Harris Bergman,University of Pittsburgh,15,100,,,0,,,24,3,2,3,26,4.333333333
Haden Calegan,University of Pittsburgh,17,4.8,,,0,0,4,7,3,11,3,18,1.8
Alexander Cook,University of Pittsburgh,16,10.92,,,0,0,3,,,0,3,0,0
Mark Cooney,University of Pittsburgh,16,17.43,,,0,,,,,,,0,0
Anthony Galante,University of Pittsburgh,17,-1,23,3,7.666666667,20,3,21,3,,,64,7.111111111
Spencer Gray,University of Pittsburgh,17,11.42,,,0,0,2,0,3,0,3,0,0
Ryan Hausler,University of Pittsburgh,14,8.4,,,0,,,,,,,0,0
Sean Heiden,University of Pittsburgh,16,5.42,,,0,8,3,0,3,,,8,1.333333333
Gabriel Larson,University of Pittsburgh,17,2.4,2,3,0.666666667,5,4,1,3,26,3,34,2.615384615
Jacob Lenhart,University of Pittsburgh,14,-1,,,0,,,,,0,3,0,0
Jonathan Lierley,University of Pittsburgh,15,4.29,,,0,,,13,3,2,3,15,2.5
Zachary Lierley,University of Pittsburgh,17,1.53,22,3,7.333333333,14,3,21,3,32,3,89,7.416666667
Andrew McCarthy,University of Pittsburgh,16,11.39,,,0,5,3,,,0,3,5,0.833333333
Luke Nosbisch,University of Pittsburgh,15,3.36,,,0,,,15,3,14,3,29,4.833333333
Joseph Notarianni,University of Pittsburgh,15,13.9,,,0,,,,,5,5,5,1
Connor O'Prey,University of Pittsburgh,16,-1,,,0,0,3,9,3,,,9,1.5
Mackenzie Rice,University of Pittsburgh,16,3.26,,,0,15,4,0,3,6,5,21,1.75
Alexander Rodenkirk,University of Pittsburgh,15,19.42,,,0,,,7,3,,,7,2.333333333
Scott Simmer,University of Pittsburgh,17,3.84,11,3,3.666666667,0,3,0,3,6,3,17,1.416666667
Nathan Smith,University of Pittsburgh,14,4.94,,,0,,,,,,,0,0
Aaron Snyder,University of Pittsburgh,15,-1,,,0,,,28,2,,,28,14
David Sweeney,University of Pittsburgh,16,4.87,,,0,24,3,17,3,0,3,41,4.555555556
Matthew Tankle,University of Pittsburgh,16,16.4,,,0,2,3,,,0,3,2,0.333333333
Jacob Tovey,University of Pittsburgh,17,10.87,,,0,,,0,3,0,2,0,0
Martin Vogel,University of Pittsburgh,16,100,,,0,13,3,17,3,4,3,34,3.777777778
Avery Warrington,University of Pittsburgh,16,3.93,,,0,8,3,7,3,,,15,2.5
Seth Wenner,University of Pittsburgh,14,-1,,,0,,,,,,,0,0
Austin Doss,University of Pittsburgh,18,4.28,,,0,,,,,,,0,0
Thomas Jones,University of Pittsburgh,18,13.1,,,0,,,,,,,0,0
Bryce Kampfe,University of Pittsburgh,16,51.94,,,0,,,,,,,0,0
Dillon Lancenese,University of Pittsburgh,15,11.91,,,0,,,,,,,0,0
Tyler Matheny,University of Pittsburgh,15,100,,,0,,,,,,,0,0
Sean Rhinehart,University of Pittsburgh,15,18.93,,,0,,,,,1,3,1,0.333333333
Brendan Barry,University of Pittsburgh,19,19.33,0,3,0,,,,,,,0,0
Noah Crawford,University of Pittsburgh,19,31.75,,,0,,,,,,,0,0
Nathan Crikelair,University of Pittsburgh,19,-1,,,0,,,,,,,0,0
Zachary Grimaldi,University of Pittsburgh,19,20.44,,,0,,,,,,,0,0
Brian Lovasik,University of Pittsburgh,19,14,6,3,2,18,3,5,4,17,3,46,3.538461538
Andrei Mihailescu,University of Pittsburgh,19,5.89,,,0,,,,,,,0,0
Michael Pichette,University of Pittsburgh,19,12.35,0,3,0,,,,,,,0,0
Aaron Sett,University of Pittsburgh,19,11.6,10,3,3.333333333,42,3,0,3,3,3,55,4.583333333
NICK STACHEL,University of Pittsburgh,19,25.84,9,3,3,4,3,,,,,13,2.166666667
Julian Zedeker,University of Pittsburgh,19,100,,,0,,,,,,,0,0
Walker Brooks,University of Pittsburgh,20,12.2,,,0,,,,,,,0,0
Thomas Cestare,University of Pittsburgh,20,14.68,0,3,0,,,,,,,0,0
Joseph Ference,University of Pittsburgh,20,100,22,3,7.333333333,,,,,,,22,7.333333333
Samy Helmbacher,University of Pittsburgh,20,100,7,3,2.333333333,35,4,67,4,64,3,173,12.35714286
Samuel Jenkins,University of Pittsburgh,20,86.95,,,0,,,,,,,0,0
Boris Kulizhnikov,University of Pittsburgh,18,-1,,,0,,,3,3,9,2,12,2.4
Henrique Machado,University of Pittsburgh,17,100,,,0,,,,,28,4,28,7
Matthew McCool,University of Pittsburgh,20,-1,,,0,,,,,,,0,0
BRIAN RAMSEY,University of Pittsburgh,20,6.24,7,3,2.333333333,30,3,,,,,37,6.166666667
Jonathan Robbins,University of Pittsburgh,20,19.54,,,0,,,,,,,0,0
Luke Smutny,University of Pittsburgh,20,7.75,10,3,3.333333333,17,3,7,4,15,4,49,3.5
Eben Vorster,University of Pittsburgh,20,3.16,24,3,8,11,3,47,3,41,4,123,9.461538462
Ellis Cannon,University of Pittsburgh,21,18.35,0,3,0,0,3,0,3,,,0,0
NATHAN ELZER,University of Pittsburgh,21,18.35,,,0,0,3,,,,,0,0
John Fauteux,University of Pittsburgh,19,37.11,,,0,,,0,3,20,3,20,3.333333333
Judd Fishman,University of Pittsburgh,21,25.68,,,0,0,3,0,3,,,0,0
Kevin Kondrit,University of Pittsburgh,21,14.5,,,0,,,,,,,0,0
Cody Lenart,University of Pittsburgh,21,21.01,,,0,,,,,,,0,0
Noah Marble,University of Pittsburgh,21,100,14,3,4.666666667,,,,,,,14,4.666666667
Artur Polyak,University of Pittsburgh,21,-1,,,0,,,,,,,0,0
Ármin Reményi,University of Pittsburgh,21,12.49,,,0,,,,,,,0,0
ZACK RULLI,University of Pittsburgh,21,13.16,,,0,,,,,,,0,0
Ryan Schonbachler,University of Pittsburgh,21,8.37,0,3,0,1,3,2,3,,,3,0.333333333
Bence SZUCSIK,University of Pittsburgh,21,16.54,9,4,2.25,0,3,,,,,9,1.285714286
Blaise Vera,University of Pittsburgh,21,2.61,,,0,75,3,68,3,,,143,23.83333333
Jason Young,University of Pittsburgh,21,10.99,0,3,0,11,3,,,,,11,1.833333333
Serhii Ahadzhanian,University of Pittsburgh,22,-1,0,3,0,2,3,,,,,2,0.333333333
Wesley Ahart,University of Pittsburgh,22,100,0,3,0,1,3,,,,,1,0.166666667
Hoch Alec,University of Pittsburgh,22,15.45,,,0,,,,,,,0,0
Jacob Bowery,University of Pittsburgh,22,27.61,,,0,,,,,,,0,0
Gabriel Cardenes,University of Pittsburgh,21,8.99,,,0,,,,,,,0,0
Jeb Darhower,University of Pittsburgh,22,17.97,,,0,,,,,,,0,0
Nick Garberina,University of Pittsburgh,22,100,,,0,,,,,,,0,0
Luay Hilmi,University of Pittsburgh,22,18.32,0,3,0,0,2,,,,,0,0
Alec Hoch,University of Pittsburgh,21,15.45,,,0,0,3,0,2,,,0,0
Joshua Parquet,University of Pittsburgh,22,100,0,3,0,,,,,,,0,0
Quinton Pierce,University of Pittsburgh,22,6.52,,,0,,,,,,,0,0
Daniel RETANA,University of Pittsburgh,22,21.95,,,0,,,,,,,0,0
Anton Tamkovitch,University of Pittsburgh,22,19.87,,,0,,,,,,,0,0
Lucas Carchiaro,University of Pittsburgh,20,-1,,,0,,,,,,,0,0
Lucas Cerchiaro,University of Pittsburgh,20,-1,,,0,,,,,,,0,0
Jerry Chen,University of Pittsburgh,23,21.02,14,3,4.666666667,,,,,,,14,4.666666667
Wojciech Dutkowiak,University of Pittsburgh,23,1.8,5,3,1.666666667,,,,,,,5,1.666666667
Stephen Hopta,University of Pittsburgh,22,15.56,,,0,0,3,,,,,0,0
Jered Moore,University of Pittsburgh,23,22.97,0,3,0,,,,,,,0,0
Szymon Pytkarczyk,University of Pittsburgh,23,100,,,0,,,,,,,0,0
Szymon Pytlarczyk,University of Pittsburgh,23,9.95,0,3,0,,,,,,,0,0
Paul Reed,University of Pittsburgh,23,100,23,3,7.666666667,,,,,,,23,7.666666667
Dominic Toledo Sanchez,University of Pittsburgh,23,17.81,0,3,0,,,,,,,0,0
COOPER VAN DER LAAN,University of Pittsburgh,22,-1,,,0,40,3,,,,,40,13.33333333
Jack Watson,University of Pittsburgh,23,23.79,,,0,,,,,,,0,0
Jonathan Buerger,University of Virginia,15,2.23,,,0,,,16,3,,,16,5.333333333
Carl Buergler,University of Virginia,16,100,,,0,31,3,32,3,63,3,126,14
Zach Bunner,University of Virginia,14,2.06,,,0,,,,,29,4,29,7.25
Parker Camp,University of Virginia,15,2.77,,,0,,,13,2,,,13,6.5
Fred Crawford,University of Virginia,15,7.41,,,0,,,,,,,0,0
Jan Daniec,University of Virginia,15,-1,,,0,,,47,3,,,47,15.66666667
John Denning,University of Virginia,17,5.32,,,0,3,3,,,,,3,1
Kyle Dudzinski,University of Virginia,16,2.72,,,0,56,4,,,,,56,14
Gabriel Espinosa,University of Virginia,14,2.92,,,0,,,,,,,0,0
Rodney Fentress,University of Virginia,16,3.2,,,0,12,3,6,3,,,18,3
Serge Gould,University of Virginia,15,9.36,,,0,,,19,3,,,19,6.333333333
Taylor Grey,University of Virginia,15,10.73,,,0,,,46,3,,,46,15.33333333
Nathaniel Hart,University of Virginia,15,1.72,,,0,,,37,3,,,37,12.33333333
Eric Holden,University of Virginia,16,2.92,,,0,,,4,3,11,4,15,2.142857143
David Ingraham,University of Virginia,15,2.65,,,0,,,69,3,,,69,23
Yannick Kaeser,University of Virginia,16,100,,,0,56,3,43,3,54,3,153,17
Jakob Kolod,University of Virginia,15,100,,,0,,,71,3,82,3,153,25.5
Robert Leasure,University of Virginia,17,4.31,,,0,,,,,,,0,0
Matthew Lockman,University of Virginia,17,4.86,2,3,0.666666667,5,3,13,3,38,3,58,4.833333333
Barrett Mangold,University of Virginia,14,5.36,,,0,,,,,,,0,0
Matheus Martini,University of Virginia,16,3.17,,,0,,,,,,,0,0
John Murfee,University of Virginia,15,12.15,,,0,,,38,4,,,38,9.5
Luke Papendick,University of Virginia,17,1.53,81,3,27,,,,,,,81,27
Jacob Pearce,University of Virginia,15,2.43,,,0,,,18,3,5,3,23,3.833333333
Bradley Phillips,University of Virginia,15,3.23,,,0,,,74,3,,,74,24.66666667
Charles Putnam,University of Virginia,15,-1,,,0,,,,,2,3,2,0.666666667
Austin Quinn,University of Virginia,17,1.63,26,3,8.666666667,66,4,42,6,37,3,171,10.6875
Charles Rommel,University of Virginia,15,2.9,,,0,,,6,3,13,3,19,3.166666667
Jordan Sacks,University of Virginia,16,100,,,0,,,15,3,17,3,32,5.333333333
Colby Shinholser,University of Virginia,16,100,,,0,,,15,3,36,3,51,8.5
Gregory Stoffa,University of Virginia,16,-1,,,0,,,,,,,0,0
Adam Whitener,University of Virginia,17,2.26,,,0,0,3,,,,,0,0
Jake Bowtell,University of Virginia,18,100,,,0,0,3,,,,,0,0
Brendan Casey,University of Virginia,15,2.25,,,0,,,,,92,3,92,30.66666667
Peter Georgiadis,University of Virginia,18,4.84,3,3,1,20,3,14,3,43,3,80,6.666666667
Nicholas Magana,University of Virginia,18,3.34,9,3,3,18,3,,,,,27,4.5
Henrik Pohlmann,University of Virginia,18,2.16,25,3,8.333333333,4,3,,,,,29,4.833333333
Sarik Tara,University of Virginia,18,-1,1,3,0.333333333,10,3,,,6,3,17,1.888888889
Anthony Albracht,University of Virginia,19,7.67,8,3,2.666666667,8,3,24,3,29,3,69,5.75
Zachary Fong,University of Virginia,19,3.4,44,3,14.66666667,38,3,68,3,73,3,223,18.58333333
Luke Georgiadis,University of Virginia,18,-1,,,0,,,,,,,0,0
Daniel Golczewski,University of Virginia,19,16.82,13,3,4.333333333,11,3,2,3,,,26,2.888888889
Brandon Goldstein,University of Virginia,19,18.19,,,0,,,,,,,0,0
Matthew Hrabchak,University of Virginia,19,10.52,41,3,13.66666667,14,3,,,,,55,9.166666667
Bryce Keblish,University of Virginia,19,12.58,13,3,4.333333333,31,3,61,3,60,3,165,13.75
Gust Kouvaris,University of Virginia,19,15.36,19,3,6.333333333,8,3,15,3,5,3,47,3.916666667
Samuel Magnan,University of Virginia,19,4.66,50,3,16.66666667,39,3,64,3,49,3,202,16.83333333
Albert Subirats,University of Virginia,16,100,,,0,,,,,,,0,0
Omer Tara,University of Virginia,18,3.24,,,0,,,,,,,0,0
Murat Yildirim,University of Virginia,19,100,21,4,5.25,,,,,,,21,5.25
Ryan Baker,University of Virginia,20,1.76,14,3,4.666666667,39,3,66,3,76,3,195,16.25
Joseph Clark,University of Virginia,20,30.49,50,4,12.5,47,4,56,4,41,4,194,12.125
Henry Keel,University of Virginia,20,7.51,,,0,,,0,3,,,0,0
Samson Miller,University of Virginia,20,100,0,3,0,,,,,,,0,0
Jared Norton,University of Virginia,20,3.05,0,3,0,,,,,,,0,0
Jason Quinn,University of Virginia,20,8.67,,,0,,,,,,,0,0
Frederick Schubert,University of Virginia,20,1.09,43,3,14.33333333,40,3,72,3,90,3,245,20.41666667
Ian Shelton,University of Virginia,20,100,42,3,14,19,3,32,3,49,3,142,11.83333333
Nickolas Switzer,University of Virginia,20,10.06,,,0,,,,,,,0,0
Kyle Ward,University of Virginia,20,7.07,4,3,1.333333333,,,,,,,4,1.333333333
Jacob Wells,University of Virginia,20,17.46,,,0,13,3,17,3,,,30,5
John Whiteside,University of Virginia,20,3.34,62,3,20.66666667,,,,,,,62,20.66666667
Keefer Barnum,University of Virginia,21,2.08,50,3,16.66666667,53,3,54,3,,,157,17.44444444
Tristan Gess,University of Virginia,21,100,0,2,0,4,3,,,,,4,0.8
Robert Giller,University of Virginia,21,1.78,76,3,25.33333333,,,,,,,76,25.33333333
Matthew Otto,University of Virginia,21,2.63,57,3,19,51,3,31,2,,,139,17.375
Samuel Schilling,University of Virginia,21,1.76,0,3,0,23,3,55,3,,,78,8.666666667
George Wozencraft,University of Virginia,21,8.82,21,3,7,50,3,,,,,71,11.83333333
Lewis BURRAS,University of Virginia,22,1.64,,,0,,,,,,,0,0
Walker Creedon,University of Virginia,22,-1,46,3,15.33333333,28,3,,,,,74,12.33333333
Nico Ferrara,University of Virginia,22,13.03,,,0,,,,,,,0,0
Jacob Greenberg,University of Virginia,22,100,,,0,39,3,,,,,39,13
Justin Grender,University of Virginia,22,1.04,22,3,7.333333333,39,3,,,,,61,10.16666667
Connor Killion,University of Virginia,22,11.77,,,0,,,,,,,0,0
Oliver Rus,University of Virginia,22,4.08,,,0,,,,,,,0,0
Casey Storch,University of Virginia,22,1.27,57,3,19,75,3,,,,,132,22
Sean Conway,University of Virginia,23,1.6,55,3,18.33333333,,,,,,,55,18.33333333
Maxwell Edwards,University of Virginia,23,5.47,23,3,7.666666667,,,,,,,23,7.666666667
Joshua Fong,University of Virginia,23,13.18,11,3,3.666666667,,,,,,,11,3.666666667
Daniel Gyenis,University of Virginia,23,7.41,9,3,3,,,,,,,9,3
Konnar Klinksiek,University of Virginia,23,10.54,26,3,8.666666667,,,,,,,26,8.666666667
August Lamb,University of Virginia,23,10.24,35,3,11.66666667,,,,,,,35,11.66666667
Henry Schutte,University of Virginia,23,7.27,3,3,1,,,,,,,3,1
John Walker,University of Virginia,23,1.62,57,3,19,,,,,,,57,19
Jack Wright,University of Virginia,23,2.53,37,3,12.33333333,,,,,,,37,12.33333333
Drake Becksted,Virginia Tech,16,2.4,,,0,,,0,3,0,3,0,0
Benjamin Borgert,Virginia Tech,17,5.83,,,0,,,,,,,0,0
Lucas Bureau,Virginia Tech,16,5.87,,,0,52,3,42,3,43,3,137,15.22222222
Owen Burns,Virginia Tech,15,5.82,,,0,,,54,3,75,3,129,21.5
Kyle Butts,Virginia Tech,15,100,,,0,,,48,3,68,3,116,19.33333333
Harrison Cefalo,Virginia Tech,15,2.17,,,0,,,44,3,37,3,81,13.5
James Crabb,Virginia Tech,15,3.89,,,0,,,10,3,,,10,3.333333333
Emmett Dignan,Virginia Tech,15,4.78,,,0,,,16,3,,,16,5.333333333
Brandon Fiala,Virginia Tech,17,1.67,61,3,20.33333333,82,3,92,3,92,3,327,27.25
Christopher Fiala,Virginia Tech,15,100,,,0,,,38,3,33,3,71,11.83333333
Ryan Hawkins,Virginia Tech,15,100,,,0,,,79,3,,,79,26.33333333
Collin Higgins,Virginia Tech,15,3.89,,,0,,,65,3,29,3,94,15.66666667
Nathan Hoisington,Virginia Tech,15,-1,,,0,,,,,,,0,0
Kevin Hunt,Virginia Tech,15,19.91,,,0,,,,,,,0,0
Morgan Latimer,Virginia Tech,15,4.78,,,0,,,77,5,57,4,134,14.88888889
Jacob Ores,Virginia Tech,15,2.71,,,0,,,51,3,53,3,104,17.33333333
Robert Owen,Virginia Tech,17,2.07,66,3,22,70,3,80,3,82,4,298,22.92307692
Brian Rothschild,Virginia Tech,16,6.34,,,0,,,,,,,0,0
Thomas Shinholser,Virginia Tech,14,-1,,,0,,,,,61,3,61,20.33333333
Adam Stacklin,Virginia Tech,17,3.75,,,0,13,3,3,3,6,3,22,2.444444444
Logan Stevens,Virginia Tech,16,100,,,0,46,3,67,3,56,3,169,18.77777778
Zachary Switzer,Virginia Tech,17,2.75,40,3,13.33333333,38,3,28,4,55,3,161,12.38461538
Michal Szuba,Virginia Tech,16,1.45,,,0,47,3,64,3,40,3,151,16.77777778
Nicholas Tremols,Virginia Tech,15,2.82,,,0,,,49,3,,,49,16.33333333
John Trope,Virginia Tech,15,-1,,,0,,,,,,,0,0
Anthony Zoldork,Virginia Tech,14,6.86,,,0,,,,,,,0,0
Mauro Castro-Silva,Virginia Tech,18,-1,46,3,15.33333333,77,3,40,3,32,3,195,16.25
Peter Conzola,Virginia Tech,18,3.37,,,0,,,,,,,0,0
Eric Delmonte,Virginia Tech,18,4.4,,,0,,,,,,,0,0
Justin Edwards,Virginia Tech,18,2.75,0,3,0,6,3,18,3,17,3,41,3.416666667
Jack Gigliotti,Virginia Tech,15,100,,,0,,,,,12,3,12,4
Christopher Grimmett-Norris,Virginia Tech,18,3.79,29,3,9.666666667,,,0,3,,,29,4.833333333
Harrison Pierce,Virginia Tech,18,1.14,2,3,0.666666667,3,3,16,3,14,3,35,2.916666667
Mauro Silva,Virginia Tech,18,-1,,,0,,,,,,,0,0
Brandon Tutty,Virginia Tech,18,3.88,,,0,,,,,,,0,0
Christopher Wang,Virginia Tech,18,6.86,,,0,,,,,,,0,0
Brent Benedict,Virginia Tech,19,14.54,19,4,4.75,9,3,,,,,28,4
Jordan Bovee,Virginia Tech,19,17.35,,,0,,,,,,,0,0
Eduardo Castro-Silva,Virginia Tech,19,100,59,3,19.66666667,44,3,13,3,,,116,12.88888889
Michael Craddock,Virginia Tech,19,4,35,3,11.66666667,56,3,34,3,16,3,141,11.75
Steffen Erickson,Virginia Tech,19,14.65,,,0,,,,,,,0,0
Ian Ho,Virginia Tech,19,-1,2,3,0.666666667,22,3,26,3,28,3,78,6.5
Oscar Ike,Virginia Tech,19,15.99,,,0,,,,,,,0,0
John Kale,Virginia Tech,19,15.03,,,0,,,,,,,0,0
Nicholas McGarry,Virginia Tech,19,5.88,,,0,,,,,,,0,0
Christopher Outlaw,Virginia Tech,19,15.99,,,0,,,,,,,0,0
Nathan Pawlowicz,Virginia Tech,19,12.61,2,3,0.666666667,0,3,,,,,2,0.333333333
Benjamin Schiesl,Virginia Tech,19,100,54,3,18,44,3,61,3,49,3,208,17.33333333
Norbert Szabo,Virginia Tech,19,100,27,3,9,57,3,67,3,41,3,192,16
Adam Thomas,Virginia Tech,19,22.13,,,0,,,,,,,0,0
Sean Workman,Virginia Tech,19,10.57,25,3,8.333333333,24,3,4,3,25,3,78,6.5
Aaron Boyd,Virginia Tech,20,9.3,,,0,,,,,,,0,0
Hassler Carroll,Virginia Tech,20,6.31,7,3,2.333333333,4,3,0,3,,,11,1.222222222
Brandon Fabian,Virginia Tech,20,7.29,,,0,,,,,,,0,0
David Herbert,Virginia Tech,20,13.56,,,0,13,3,1,1,,,14,3.5
Jacob Lamparella,Virginia Tech,19,19.68,,,0,19,4,3,4,28,4,50,4.166666667
Colin Murphy,Virginia Tech,20,3.72,,,0,0,3,,,,,0,0
Nicholas Olson,Virginia Tech,19,20.6,,,0,,,,,,,0,0
Cooper Pitts,Virginia Tech,20,15.62,,,0,,,,,,,0,0
Nicholas Schwegel,Virginia Tech,20,10.08,,,0,,,,,,,0,0
Simon Shi,Virginia Tech,20,6.62,,,0,0,3,11,3,13,3,24,2.666666667
Connor Doyle,Virginia Tech,21,2.51,,,0,,,0,3,,,0,0
Collin Fiala,Virginia Tech,21,20.45,,,0,,,,,,,0,0
Gershwin Greene,Virginia Tech,21,8.04,,,0,,,,,,,0,0
Thomas Hallock,Virginia Tech,21,1.7,0,3,0,12,3,48,3,,,60,6.666666667
Alexander McMurry,Virginia Tech,21,9.98,,,0,,,,,,,0,0
Lasse Pittioni,Virginia Tech,20,21.76,,,0,6,3,,,,,6,2
Lane Stone,Virginia Tech,21,1.23,61,3,20.33333333,76,3,64,3,,,201,22.33333333
Samuel Tornqvist,Virginia Tech,21,100,40,3,13.33333333,73,4,67,3,,,180,18
Ethan Apisa,Virginia Tech,21,14.1,,,0,,,,,,,0,0
Henry Claesson,Virginia Tech,22,5.68,0,3,0,0,3,,,,,0,0
Brennan Doss,Virginia Tech,22,4.64,14,3,4.666666667,24,3,,,,,38,6.333333333
Dylan Eichberg,Virginia Tech,22,4.15,,,0,27,3,,,,,27,9
Benjamin Hicks,Virginia Tech,22,9.32,,,0,,,,,,,0,0
Alexander Hines,Virginia Tech,21,4.57,,,0,,,,,,,0,0
Antani Ivanov,Virginia Tech,22,1.15,53,3,17.66666667,73,3,,,,,126,21
Philip Manoff,Virginia Tech,22,1.77,28,3,9.333333333,54,5,,,,,82,10.25
Filippo maso,Virginia Tech,22,100,43,3,14.33333333,56,3,,,,,99,16.5
Keith Myburgh,Virginia Tech,22,1.59,29,3,9.666666667,37,3,,,,,66,11
Justin Rich,Virginia Tech,20,6.7,,,0,,,,,,,0,0
Alexander Wright,Virginia Tech,22,6.52,0,3,0,,,,,,,0,0
Noah Zawadzki,Virginia Tech,22,100,49,3,16.33333333,60,3,,,,,109,18.16666667
Hunter Cassady,Virginia Tech,23,20.95,,,0,,,,,,,0,0
Jaedin Clark,Virginia Tech,23,26.69,,,0,,,,,,,0,0
Taj Cole,Virginia Tech,23,100,7,3,2.333333333,,,,,,,7,2.333333333
Noah Desman,Virginia Tech,22,11.21,,,0,,,,,,,0,0
William Koeppen,Virginia Tech,23,18.1,8,3,2.666666667,,,,,,,8,2.666666667
Cobi Lopez Miro,Virginia Tech,23,12.32,3,3,1,,,,,,,3,1
Joseph Perreault,Virginia Tech,23,100,18,3,6,,,,,,,18,6
Ananias Pouch,Virginia Tech,23,2.49,53,3,17.66666667,,,,,,,53,17.66666667
Ryan Vipavetz,Virginia Tech,23,3.94,0,3,0,,,,,,,0,0
Forest Webb,Virginia Tech,23,13.82,35,4,8.75,,,,,,,35,8.75
Estefan Albiero,University of Louisville,17,21.33,,,0,,,,,,,0,0
Brennen Berger,University of Louisville,17,3.26,,,0,,,23,3,28,3,51,8.5
Sam Blair,University of Louisville,14,-1,,,0,,,,,,,0,0
Caryle Blondell,University of Louisville,15,5.91,,,0,,,,,22,3,22,7.333333333
David Boland,University of Louisville,17,2.65,,,0,25,3,42,3,34,3,101,11.22222222
Nathaniel Bond,University of Louisville,16,14.9,,,0,,,,,,,0,0
Victor Borduchi,University of Louisville,14,-1,,,0,,,,,,,0,0
Addison Bray,University of Louisville,15,4.86,,,0,,,,,55,3,55,18.33333333
Joe Brown,University of Louisville,17,4.82,,,0,,,,,,,0,0
Trevor Carroll,University of Louisville,17,3.64,,,0,74,3,78,4,71,3,223,22.3
Kameron Chastain,University of Louisville,15,6.93,,,0,,,,,,,0,0
Pedro Coutinho,University of Louisville,16,21.43,,,0,,,33,3,27,3,60,10
Thomas Dahlia,University of Louisville,15,100,,,0,,,,,79,3,79,26.33333333
Joao De Lucca,University of Louisville,15,-1,,,0,,,,,,,0,0
Bryan Draganosky,University of Louisville,16,2.68,,,0,,,37,3,,,37,12.33333333
Rudy Edelen,University of Louisville,15,5.43,,,0,,,,,38,3,38,12.66666667
Christian Garkani,University of Louisville,17,3.31,,,0,,,,,,,0,0
Aaron Greene,University of Louisville,17,1.76,,,0,51,3,39,3,39,3,129,14.33333333
Murilo Gustineli,University of Louisville,17,-1,,,0,,,,,,,0,0
Nicholas Hasemann,University of Louisville,17,10.02,,,0,,,2,3,,,2,0.666666667
Ruben Izarra,University of Louisville,16,-1,,,0,,,,,,,0,0
Matthias Lindenbauer,University of Louisville,17,100,,,0,62,3,53,3,62,3,177,19.66666667
Lemar Linton,University of Louisville,15,11.42,,,0,,,,,,,0,0
Juan Lopez,University of Louisville,15,83.99,,,0,,,,,,,0,0
Brett Mackenzie,University of Louisville,16,4.34,,,0,,,,,,,0,0
Ryan Massey,University of Louisville,17,3.18,,,0,,,47,3,9,3,56,9.333333333
Evan Noble,University of Louisville,15,-1,,,0,,,,,,,0,0
Neil O'Halloran,University of Louisville,15,-1,,,0,,,,,,,0,0
Sean Piner,University of Louisville,16,100,,,0,,,20,3,31,3,51,8.5
Joshua Quallen,University of Louisville,17,1.13,,,0,68,3,65,3,70,3,203,22.55555556
Matthew Ryan,University of Louisville,15,20.51,,,0,,,,,,,0,0
William Schultz,University of Louisville,17,2.2,,,0,,,,,,,0,0
Nolan Smith,University of Louisville,17,24.11,,,0,,,,,,,0,0
Grigory Tarasevich,University of Louisville,17,9.39,,,0,60,4,73,4,84,4,217,18.08333333
Nolan Tesone,University of Louisville,16,2.74,,,0,,,75,3,77,3,152,25.33333333
Dexter Thomas,University of Louisville,16,9.38,,,0,,,,,,,0,0
Mihael Vukic,University of Louisville,17,1.69,,,0,,,,,,,0,0
Brooks Wilmoth,University of Louisville,14,10.42,,,0,,,,,,,0,0
Kevin Wilmoth,University of Louisville,15,-1,,,0,,,,,,,0,0
Aaron Young,University of Louisville,15,2.82,,,0,,,,,61,3,61,20.33333333
Marcelo Acosta,University of Louisville,15,2.53,,,0,,,,,61,3,61,20.33333333
Ryan Bohn,University of Louisville,15,-1,,,0,,,,,,,0,0
Carlos Claverie,University of Louisville,18,100,53,3,17.66666667,78,3,66,3,79,3,276,23
Clayton Helsley,University of Louisville,18,17.43,,,0,,,,,,,0,0
Todd Owen,University of Louisville,18,1.89,38,3,12.66666667,15,3,,,3,2,56,7
Jonathan Zoucha,University of Louisville,18,2.07,,,0,32,3,23,3,31,3,86,9.555555556
Abel Aulbach,University of Louisville,19,-1,,,0,,,0,3,,,0,0
Jacob DeMercurio,University of Louisville,19,21.65,,,0,,,,,,,0,0
Daniel Fecteau,University of Louisville,19,100,6,3,2,41,3,24,3,62,3,133,11.08333333
Zach Harting,University of Louisville,19,7.72,73,3,24.33333333,77,3,70,3,67,3,287,23.91666667
Troy Holder,University of Louisville,17,-1,,,0,,,,,,,0,0
Mate Kovacs,University of Louisville,19,18.8,,,0,,,11,3,1,3,12,2
Andrej Barna,University of Louisville,20,2.13,40,3,13.33333333,73,3,65,3,65,3,243,20.25
Graham Barrett,University of Louisville,20,11.06,,,0,11,3,13,3,,,24,4
Mark Chernov,University of Louisville,20,-1,,,0,,,,,,,0,0
Evan Cooper,University of Louisville,20,100,,,0,,,,,,,0,0
Keegan Foulke,University of Louisville,20,2.08,43,3,14.33333333,16,3,14,3,,,73,8.111111111
Etay Gurevich,University of Louisville,20,-1,42,3,14,73,3,,,,,115,19.16666667
Jarrett Jones,University of Louisville,20,3.67,44,3,14.66666667,52,3,22,3,25,3,143,11.91666667
Sean Riley,University of Louisville,20,100,2,3,0.666666667,,,,,,,2,0.666666667
Derek Sander,University of Louisville,20,2.79,,,0,,,,,,,0,0
Samuel Steele,University of Louisville,20,4.71,,,0,30,3,19,3,13,3,62,6.888888889
Nicolas Albiero,University of Louisville,21,1.04,87,5,17.4,86,6,91,5,,,264,16.5
Spencer Carl,University of Louisville,21,1.39,,,0,,,,,,,0,0
Joseph Hampel,University of Louisville,21,8.42,,,0,,,,,,,0,0
Daniel Pinto,University of Louisville,21,100,14,3,4.666666667,42,3,52,3,,,108,12
Anderson Sellers,University of Louisville,20,15.39,,,0,,,,,,,0,0
Theodore Smith,University of Louisville,21,2.47,41,3,13.66666667,18,3,16,3,,,75,8.333333333
Nikolaos SOFIANIDIS,University of Louisville,21,6.25,53,3,17.66666667,48,3,42,3,,,143,15.88888889
Evgenii SOMOV,University of Louisville,21,100,80,3,26.66666667,67,3,90,3,,,237,26.33333333
Daniel SOS,University of Louisville,21,-1,67,3,22.33333333,54,3,56,3,,,177,19.66666667
Santiago Aguilera,University of Louisville,22,12.52,,,0,,,,,,,0,0
Tanner Cummings,University of Louisville,22,14.65,,,0,11,3,,,,,11,3.666666667
Hayden Curley,University of Louisville,22,1.37,24,3,8,35,3,,,,,59,9.833333333
Mihalis Deliyiannis,University of Louisville,21,10.21,,,0,,,28,3,,,28,9.333333333
Michael Eastman,University of Louisville,22,10.92,,,0,27,3,,,,,27,9
Kivanc Gur,University of Louisville,22,-1,19,3,6.333333333,30,3,,,,,49,8.166666667
Griffin Manning,University of Louisville,22,13.09,,,0,,,,,,,0,0
Colton Paulson,University of Louisville,22,1.38,50,3,16.66666667,65,3,,,,,115,19.16666667
Bartosz Piszczorowicz,University of Louisville,22,1.07,46,3,15.33333333,,,,,,,46,15.33333333
Jack Wever,University of Louisville,22,11.32,,,0,,,,,,,0,0
Mitchell Whyte,University of Louisville,22,5.14,63,3,21,69,3,,,,,132,22
Kyle Worrell,University of Louisville,22,9.5,,,0,,,,,,,0,0
Greyson Alarcon,University of Louisville,23,11.2,,,0,,,,,,,0,0
Caleb Duncan,University of Louisville,23,10.51,,,0,,,,,,,0,0
Sky Geovanni,University of Louisville,23,100,9,3,3,,,,,,,9,3
Jeremiah Holmes,University of Louisville,23,19.21,,,0,,,,,,,0,0
Neal Morsi,University of Louisville,23,21.46,,,0,,,,,,,0,0
Sasha Palazzo,University of Louisville,20,-1,,,0,,,,,17,3,17,5.666666667
Aaron Parrott,University of Louisville,22,16.2,,,0,,,,,,,0,0
Abdelrahman SAMEH,University of Louisville,23,5.64,65,3,21.66666667,,,,,,,65,21.66666667
ILIA SIBIRTSEV,University of Louisville,23,1.42,,,0,,,,,,,0,0
Logan Smith,University of Louisville,23,19.05,,,0,,,,,,,0,0
Adam Sneden,University of Louisville,23,100,13,3,4.333333333,,,,,,,13,4.333333333
