Name,Team,Starting season,Power_Index,FR,Events-FR,freshman PPE,SO,Events-SO,JR,Events-JR,SR,Events-SR,Total Points,PPE
Alyssa Anderson,Boston College,17,69.94,28,3,9.333333333333334,20,3,31,3,23,3,102,8.5
Loren Ball,Boston College,16,35.94,,,0,,,,,,,0,0
Maureen Barron,Boston College,16,8.43,,,0,0,3,0,3,0,3,0,0.0
Bailey Brown,Boston College,17,53.94,,,0,,,,,,,0,0
Catherine Cole,Boston College,17,33.95,,,0,,,,,,,0,0
Samantha Couillard,Boston College,16,39.44,,,0,0,3,,,0,3,0,0.0
Kelly DiStefano,Boston College,15,-1,,,0,,,,,,,0,0
Emily Downs,Boston College,17,21.45,0,3,0.0,0,3,,,,,0,0.0
Rachel Emodi,Boston College,17,-1,,,0,,,,,,,0,0
Annie Fothergill,Boston College,15,33.45,,,0,,,0,3,0,3,0,0.0
Megan Fuqua,Boston College,17,41.59,,,0,,,,,,,0,0
Dana Hadra,Boston College,15,100.00,,,0,,,,,0,2,0,0.0
Kelsey Hawthorne,Boston College,17,38.96,,,0,,,,,,,0,0
Hanna Hunstad,Boston College,17,40.39,,,0,,,,,,,0,0
Madeleine Irwin,Boston College,15,69.94,,,0,,,,,,,0,0
Ann Kearns,Boston College,15,42.69,,,0,,,,,,,0,0
Rainey Kelly,Boston College,14,89.95,,,0,,,,,,,0,0
Abigail Kordell,Boston College,17,44.43,0,3,0.0,0,3,0,4,0,3,0,0.0
Gracie Kunkel,Boston College,17,44.94,0,3,0.0,0,3,0,3,0,3,0,0.0
Corinne Larkin,Boston College,17,100.00,,,0,,,0,2,0,2,0,0.0
Allison Lewandowski,Boston College,15,70.44,,,0,,,,,,,0,0
Allison Lloyd,Boston College,17,38.74,,,0,,,,,,,0,0
Lisa Lopez,Boston College,15,73.94,,,0,,,,,,,0,0
Annie MacKay,Boston College,15,100.00,,,0,,,,,,,0,0
Catherine MacKeen,Boston College,14,73.44,,,0,,,,,,,0,0
Madeline Mailliard,Boston College,17,23.43,0,4,0.0,0,3,0,3,0,3,0,0.0
Elizabeth Mangone,Boston College,16,100.00,,,0,,,,,,,0,0
Caroline Maniscalco,Boston College,14,-1,,,0,,,,,,,0,0
Allie Manning,Boston College,15,100.00,,,0,,,0,4,,,0,0.0
Elizabeth Manning,Boston College,16,38.93,,,0,0,4,0,3,0,4,0,0.0
Caitlin Marks,Boston College,16,37.33,,,0,0,3,,,,,0,0.0
Alison McDonough,Boston College,17,38.80,,,0,,,0,3,0,3,0,0.0
Kelly McGrath,Boston College,15,36.43,,,0,,,0,4,0,3,0,0.0
Mackenzie Merriam,Boston College,17,30.98,0,3,0.0,,,,,,,0,0.0
Melissa Merwin,Boston College,15,27.94,,,0,,,0,4,0,4,0,0.0
Stephanie Ng,Boston College,15,-1,,,0,,,,,,,0,0
Ellie O' Brien,Boston College,17,-1,,,0,,,,,,,0,0
Kathryn Oskar,Boston College,15,100.00,,,0,,,0,2,,,0,0.0
Jordan Parry,Boston College,16,36.94,,,0,0,3,0,3,0,4,0,0.0
ASHLEIGH POPERA,Boston College,16,67.94,,,0,,,,,,,0,0
Kimberly Rich,Boston College,15,25.95,,,0,,,0,3,0,3,0,0.0
Allison Ridge,Boston College,16,34.44,,,0,,,,,,,0,0
Nicole Rodriquez,Boston College,14,-1,,,0,,,,,,,0,0
Bella Salvatori,Boston College,14,44.52,,,0,,,,,,,0,0
Allyson Shurmur,Boston College,15,92.94,,,0,,,,,,,0,0
Andrea Smelser,Boston College,15,-1,,,0,,,,,,,0,0
Katherine Vanasse,Boston College,16,33.46,,,0,,,,,,,0,0
Allison Viverette,Boston College,15,31.43,,,0,,,0,4,,,0,0.0
Marina Vranos,Boston College,16,100.00,,,0,0,2,,,0,2,0,0.0
Gillian Walsh,Boston College,15,-1,,,0,,,,,,,0,0
Kelly Ward,Boston College,14,100.00,,,0,,,,,,,0,0
Kristen Webber,Boston College,16,45.74,,,0,,,,,,,0,0
Brittany Williford,Boston College,15,66.44,,,0,,,,,,,0,0
Molly Anderson,Boston College,18,37.92,,,0,,,,,,,0,0
Amanda Bieler,Boston College,18,29.77,2,3,0.6666666666666666,0,3,,,,,2,0.3333333333333333
Grace Gibbons,Boston College,18,26.44,0,3,0.0,,,,,,,0,0.0
Kelsey Golden,Boston College,15,42.36,,,0,,,,,,,0,0
Danielle Homere,Boston College,18,38.05,,,0,0,5,,,,,0,0.0
Emily Mann,Boston College,18,29.76,0,3,0.0,0,4,0,3,0,3,0,0.0
Alexandra Popera,Boston College,18,38.85,,,0,,,,,,,0,0
Caroline Quindlen,Boston College,18,50.94,0,4,0.0,0,4,0,4,0,4,0,0.0
Madeline Simone,Boston College,18,33.63,0,4,0.0,,,,,,,0,0.0
Emily Smith,Boston College,18,26.92,0,3,0.0,0,3,0,3,,,0,0.0
Kelsey Tague,Boston College,15,-1,,,0,,,,,,,0,0
Maria Abrams,Boston College,19,37.02,,,0,,,0,3,,,0,0.0
Abigail Austin,Boston College,19,40.73,,,0,,,,,,,0,0
Elizabeth Canning,Boston College,19,53.63,,,0,,,,,,,0,0
Lindsay Caplan,Boston College,19,58.23,,,0,,,,,,,0,0
Sydney Dacey,Boston College,19,38.83,,,0,,,,,,,0,0
Julie Dobson,Boston College,19,28.15,,,0,0,3,0,3,,,0,0.0
Hope Dragelin,Boston College,19,-1,0,4,0.0,,,,,,,0,0.0
Caroline Even,Boston College,19,37.05,,,0,,,0,3,,,0,0.0
Mary Fitzsimmons,Boston College,19,49.05,0,3,0.0,,,,,,,0,0.0
Margaret Flanagan,Boston College,19,-1,,,0,,,,,,,0,0
Erika Freeman,Boston College,19,24.71,0,4,0.0,0,3,0,5,0,5,0,0.0
Kelsey Holmes,Boston College,19,46.35,,,0,,,,,,,0,0
Katherine Karle,Boston College,19,30.44,0,3,0.0,0,3,0,3,0,4,0,0.0
Cecilia O'Reilly,Boston College,19,-1,,,0,,,0,2,,,0,0.0
Laura Packer,Boston College,19,33.05,,,0,,,,,,,0,0
Maria Russo,Boston College,19,30.51,,,0,,,,,,,0,0
Gabriella Taghian,Boston College,19,-1,,,0,0,2,,,,,0,0.0
Claudia Brady,Boston College,20,36.86,,,0,,,,,,,0,0
Julianna Carbone,Boston College,20,40.99,,,0,,,,,,,0,0
Taylor Covington,Boston College,20,30.04,0,3,0.0,0,3,0,2,0,2,0,0.0
Aileen Coyne,Boston College,20,33.69,,,0,,,0,3,,,0,0.0
Mary Curley,Boston College,19,42.46,,,0,,,,,,,0,0
Jamie Doherty,Boston College,20,100.00,,,0,,,,,,,0,0
Ina Elcott,Boston College,20,23.76,0,3,0.0,0,3,0,3,,,0,0.0
Kristina Fecarotta,Boston College,20,24.39,0,3,0.0,0,5,0,4,0,5,0,0.0
Mariel Green,Boston College,20,45.90,,,0,,,,,,,0,0
Sarah Hanning,Boston College,20,26.84,0,3,0.0,,,,,,,0,0.0
Shae Heitz,Boston College,20,100.00,,,0,,,,,,,0,0
Chloe Kargodorian,Boston College,19,27.43,,,0,0,3,,,,,0,0.0
Victoria Lin,Boston College,20,24.31,0,3,0.0,0,3,0,3,0,3,0,0.0
Dakota Meyer,Boston College,20,31.98,,,0,0,3,,,,,0,0.0
Lauren Quinn,Boston College,20,28.28,0,3,0.0,0,5,0,4,0,5,0,0.0
Natalie Dalla Riva,Boston College,21,21.59,0,3,0.0,0,4,,,,,0,0.0
Dominique Gray,Boston College,21,16.65,0,3,0.0,,,,,,,0,0.0
MAURA GRIMES,Boston College,21,27.76,0,4,0.0,0,4,0,3,,,0,0.0
Alison Kea,Boston College,21,26.68,0,2,0.0,0,3,0,3,,,0,0.0
Michaela McGeary,Boston College,21,26.65,0,4,0.0,0,5,0,3,,,0,0.0
AvRey Rocca,Boston College,21,29.79,,,0,,,,,,,0,0
Elizabeth Uhl,Boston College,21,100.00,0,2,0.0,0,2,0,2,,,0,0.0
Isabel Blaze,Boston College,22,26.77,0,3,0.0,,,,,,,0,0.0
Mackenna Buchanan,Boston College,22,100.00,,,0,,,,,,,0,0
Haley Dolan,Boston College,22,23.74,0,3,0.0,0,3,,,,,0,0.0
Grace Edwards,Boston College,22,27.00,0,3,0.0,0,4,,,,,0,0.0
Alexa Lantin,Boston College,22,23.53,0,3,0.0,0,3,,,,,0,0.0
Anna Milia,Boston College,22,25.98,0,3,0.0,0,3,,,,,0,0.0
Ashleigh Scott,Boston College,22,21.84,0,3,0.0,0,3,,,,,0,0.0
Delaney Thomas,Boston College,22,22.35,,,0,,,,,,,0,0
Nicole Barkemeyer,Boston College,23,23.18,0,3,0.0,,,,,,,0,0.0
Katherine Cilley,Boston College,23,100.00,,,0,,,,,,,0,0
Julia Donahue,Boston College,23,16.27,,,0,,,,,,,0,0
Mary Gannon,Boston College,23,19.24,,,0,,,,,,,0,0
Katherine Hayes,Boston College,23,22.62,,,0,,,,,,,0,0
Madeline King,Boston College,23,18.74,0,4,0.0,,,,,,,0,0.0
Sophia Miller,Boston College,23,22.16,0,4,0.0,,,,,,,0,0.0
Lindsey Ryalls,Boston College,23,19.73,0,5,0.0,,,,,,,0,0.0
Sofia Zinis,Boston College,23,22.71,0,3,0.0,,,,,,,0,0.0
Emily Barber,Duke University,14,-1,,,0,,,,,37,3,37,12.333333333333334
Liza Bragg,Duke University,17,19.97,26,3,8.666666666666666,9,3,3,3,0,3,38,3.1666666666666665
Caroline Conklin,Duke University,15,24.43,,,0,,,,,,,0,0
Linsay Cooper,Duke University,16,8.90,,,0,0,3,0,3,,,0,0.0
Kathryn Eckhart,Duke University,16,-1,,,0,4,3,3,3,,,7,1.1666666666666667
Brittany Friese,Duke University,17,6.84,19,3,6.333333333333333,11,3,8,3,41,3,79,6.583333333333333
Jaimee Gundry,Duke University,16,100.00,,,0,30,3,13,3,,,43,7.166666666666667
Kelly Hagerty,Duke University,15,2.81,,,0,,,,,,,0,0
Alexandria Horn,Duke University,15,-1,,,0,,,,,,,0,0
Eneka Lamb,Duke University,15,100.00,,,0,,,,,,,0,0
Patricia Leeson,Duke University,15,-1,,,0,,,,,,,0,0
Megan McCarroll,Duke University,15,8.86,,,0,,,0,3,,,0,0.0
Kendall McClenney,Duke University,16,100.00,,,0,20,3,16,3,4,2,40,5.0
Alexa Mendes,Duke University,16,61.94,,,0,,,,,,,0,0
Kiera Molloy,Duke University,16,7.34,,,0,5,3,13,3,,,18,3.0
Meghan Price,Duke University,16,39.43,,,0,,,,,,,0,0
Kirby Quinn,Duke University,17,100.00,10,3,3.3333333333333335,3,3,,,41,3,54,6.0
Madeline Rusch,Duke University,17,2.32,40,3,13.333333333333334,18,3,37,3,28,2,123,11.181818181818182
Lindsey Schlichte,Duke University,17,5.34,17,3,5.666666666666667,,,,,14,3,31,5.166666666666667
Ashleigh Shanley,Duke University,17,6.91,,,0,0,3,20,3,13,3,33,3.6666666666666665
Jessica Sutherland,Duke University,17,9.88,2,5,0.4,1,4,1,3,,,4,0.3333333333333333
Francesca Tocci,Duke University,15,-1,,,0,,,0,3,,,0,0.0
Lauren Weaver,Duke University,15,5.41,,,0,,,65,3,,,65,21.666666666666668
Christine Wixted,Duke University,15,11.35,,,0,,,71,7,5,3,76,7.6
Chelsea Ye,Duke University,17,-1,8,3,2.6666666666666665,0,3,,,,,8,1.3333333333333333
Verity Abel,Duke University,18,4.28,36,3,12.0,18,3,58,4,54,3,166,12.76923076923077
Abby Artmann,Duke University,18,3.83,,,0,,,,,,,0,0
Elizabeth Devitt,Duke University,18,5.32,7,3,2.3333333333333335,13,4,2,3,41,3,63,4.846153846153846
Leah Goldman,Duke University,18,1.59,59,4,14.75,50,3,49,3,60,3,218,16.76923076923077
Hanna House,Duke University,18,2.78,,,0,,,,,,,0,0
Catie Miller,Duke University,18,5.34,1,3,0.3333333333333333,,,,,,,1,0.3333333333333333
Isabella Paez,Duke University,18,6.61,31,4,7.75,41,3,23,3,41,3,136,10.461538461538462
Katherine Plevka,Duke University,15,10.40,,,0,,,,,,,0,0
Maria Sheridan,Duke University,18,5.33,1,4,0.25,,,,,,,1,0.25
Maryellen Targonski,Duke University,18,-1,29,3,9.666666666666666,39,3,33,3,39,3,140,11.666666666666666
Alexandra Aitchison,Duke University,19,1.70,6,3,2.0,3,3,,,,,9,1.5
Alyssa Arwood,Duke University,19,8.03,,,0,,,,,,,0,0
Elizabeth Fitzpatrick,Duke University,19,100.00,,,0,29,3,34,2,16,2,79,11.285714285714286
Madeline Hess,Duke University,19,6.07,58,4,14.5,35,4,62,4,68,4,223,13.9375
Mickayla Hinkle,Duke University,19,4.46,28,4,7.0,23,3,,,,,51,7.285714285714286
Susan Hynes,Duke University,19,14.61,,,0,,,9,3,,,9,3.0
Anna Quinn,Duke University,18,3.30,,,0,20,3,2,3,5,3,27,3.0
Lindsey Trematerra,Duke University,19,14.47,,,0,,,,,,,0,0
Mackenzie Willborn,Duke University,19,100.00,45,3,15.0,48,3,66,3,55,3,214,17.833333333333332
Colleen Wixted,Duke University,17,-1,,,0,,,14,3,,,14,4.666666666666667
Suzanne Dolan,Duke University,20,7.45,,,0,,,,,,,0,0
Jaina Gaudette,Duke University,20,-1,,,0,8,3,3,3,,,11,1.8333333333333333
Kylie Jordan,Duke University,20,2.06,17,3,5.666666666666667,51,3,55,3,11,3,134,11.166666666666666
Brittany Kahn,Duke University,20,7.60,,,0,,,,,,,0,0
Brittany Kampfer,Duke University,20,8.78,0,3,0.0,6,3,,,14,3,20,2.2222222222222223
Alyssa Marsh,Duke University,20,1.71,36,3,12.0,30,4,76,4,73,3,215,15.357142857142858
Kira Page,Duke University,20,8.24,,,0,,,,,,,0,0
Constance Dean,Duke University,21,17.65,24,3,8.0,,,40,3,,,64,10.666666666666666
Halle Morris,Duke University,21,4.39,,,0,1,3,12,3,,,13,2.1666666666666665
Carly Perri,Duke University,21,9.35,,,0,16,3,,,,,16,5.333333333333333
Erin Winslow,Duke University,21,100.00,7,3,2.3333333333333335,15,3,18,3,,,40,4.444444444444445
Lucy Callard,Duke University,22,6.06,14,2,7.0,,,,,,,14,7.0
Shayna Hollander,Duke University,22,11.80,16,3,5.333333333333333,11,3,,,,,27,4.5
Easop Lee,Duke University,22,1.08,30,3,10.0,45,3,,,,,75,12.5
Zoe Lusk,Duke University,22,11.99,1,3,0.3333333333333333,,,,,,,1,0.3333333333333333
Shae Nicolaisen,Duke University,22,9.66,,,0,,,,,,,0,0
Rachel Peroni,Duke University,22,14.62,,,0,,,,,,,0,0
Madeline Pfaff,Duke University,22,100.00,,,0,,,,,,,0,0
Melissa Pish,Duke University,22,2.81,36,3,12.0,28,3,,,,,64,10.666666666666666
Maddison Pullinger,Duke University,22,100.00,47,3,15.666666666666666,17,2,,,,,64,12.8
Quinn Scannell,Duke University,21,7.99,,,0,,,14,3,,,14,4.666666666666667
Cabell Whitlow,Duke University,22,9.40,56,3,18.666666666666668,14,3,,,,,70,11.666666666666666
Olwyn Bartis,Duke University,23,6.86,,,0,,,,,,,0,0
Alexandra Bumpas,Duke University,23,14.47,,,0,,,,,,,0,0
Kaitlin Mullin,Duke University,23,100.00,9,2,4.5,,,,,,,9,4.5
Natasha ONG,Duke University,23,17.16,,,0,,,,,,,0,0
Seohyun Park,Duke University,23,8.02,27,3,9.0,,,,,,,27,9.0
Emma Shuppert,Duke University,23,13.50,25,4,6.25,,,,,,,25,6.25
Sarah Snyder,Duke University,23,7.78,17,3,5.666666666666667,,,,,,,17,5.666666666666667
Olivia Tighe,Duke University,23,12.47,,,0,,,,,,,0,0
Aliyah Watson,Duke University,23,100.00,27,3,9.0,,,,,,,27,9.0
Chelsie Britt,Florida State University,14,2.70,,,0,,,,,82,3,82,27.333333333333332
Olivia Carter,Florida State University,16,1.13,,,0,,,,,,,0,0
Josephine Cuda,Florida State University,16,17.42,,,0,18,3,11,3,1,3,30,3.3333333333333335
Kaitlyn Dressel,Florida State University,15,13.32,,,0,,,70,3,82,3,152,25.333333333333332
Laura Flewelling,Florida State University,15,10.40,,,0,,,,,,,0,0
Alexia Gonzalez,Florida State University,17,100.00,7,3,2.3333333333333335,5,3,,,,,12,2.0
Kelsey Goodman,Florida State University,15,-1,,,0,,,39,3,,,39,13.0
Julia Henkel,Florida State University,15,6.39,,,0,,,46,3,,,46,15.333333333333334
Ashley Hicks,Florida State University,15,10.92,,,0,,,,,,,0,0
Lauren Hine,Florida State University,16,16.23,,,0,6,3,,,,,6,2.0
Ashly Isaacson,Florida State University,14,7.95,,,0,,,,,,,0,0
Madison Jacobi,Florida State University,16,3.70,,,0,71,3,,,,,71,23.666666666666668
Jordan Jarmakowicz,Florida State University,16,12.39,,,0,,,,,,,0,0
Mary King,Florida State University,16,4.89,,,0,,,,,,,0,0
McKayla Lightbourn,Florida State University,15,8.86,,,0,,,58,3,,,58,19.333333333333332
Sara McMahon,Florida State University,15,19.92,,,0,,,,,,,0,0
Caroline Neil,Florida State University,17,5.90,4,3,1.3333333333333333,1,2,28,3,17,3,50,4.545454545454546
Tiffany Oliver,Florida State University,15,4.91,,,0,,,78,3,,,78,26.0
Caroline Page,Florida State University,17,13.91,,,0,,,,,,,0,0
Samantha Pochowski,Florida State University,16,3.23,,,0,16,3,39,4,9,3,64,6.4
Michelle Pope,Florida State University,14,20.93,,,0,,,,,,,0,0
Haley Powell,Florida State University,15,6.82,,,0,,,,,2,3,2,0.6666666666666666
Ariel Rittenhouse,Florida State University,15,-1,,,0,,,49,3,,,49,16.333333333333332
Bianca Spinazzola,Florida State University,16,4.79,,,0,45,4,22,4,11,4,78,6.5
Morgan Stephenson,Florida State University,16,19.43,,,0,37,3,,,,,37,12.333333333333334
Katherine Stringfield,Florida State University,17,17.60,,,0,,,3,3,0,3,3,0.5
Lydia Ware,Florida State University,17,4.35,,,0,0,3,1,3,20,3,21,2.3333333333333335
Hannah Wilson,Florida State University,15,21.43,,,0,,,,,,,0,0
Katrina Young,Florida State University,15,82.45,,,0,,,85,3,72,3,157,26.166666666666668
Ariel Barber,Florida State University,18,8.38,,,0,0,3,2,4,2,3,4,0.4
Cameron Brown,Florida State University,15,13.90,,,0,,,,,,,0,0
Caroline Gerhardt,Florida State University,18,100.00,0,3,0.0,,,,,,,0,0.0
Meghan Haila,Florida State University,15,6.38,,,0,,,,,0,3,0,0.0
Colby Harvey,Florida State University,18,16.02,14,3,4.666666666666667,,,,,,,14,4.666666666666667
Alexandria Kehoe,Florida State University,15,37.93,,,0,,,,,,,0,0
Robin Landy,Florida State University,15,54.94,,,0,,,,,,,0,0
Kendall McIntosh,Florida State University,15,12.40,,,0,,,,,0,3,0,0.0
Blaire Mulka,Florida State University,18,100.00,,,0,24,3,35,3,50,3,109,12.11111111111111
Natalie Pierce,Florida State University,18,21.43,39,3,13.0,26,3,25,2,60,3,150,13.636363636363637
Krissa Robinson,Florida State University,15,19.43,,,0,,,,,,,0,0
Brenna Ruth,Florida State University,18,5.42,0,3,0.0,0,3,,,,,0,0.0
Alexi Smith,Florida State University,18,2.92,16,3,5.333333333333333,2,2,0,3,3,3,21,1.9090909090909092
Daniella Van Den Berg,Florida State University,15,25.58,,,0,,,,,12,2,12,6.0
Megan Brown,Florida State University,19,6.19,46,3,15.333333333333334,16,3,9,3,,,71,7.888888888888889
Ariel Finke,Florida State University,16,3.89,,,0,,,,,33,3,33,11.0
Cassidy Gebhart,Florida State University,19,100.00,47,3,15.666666666666666,31,3,,,,,78,13.0
McKenna Harris,Florida State University,19,16.43,0,3,0.0,,,,,,,0,0.0
Fabiana Ingram,Florida State University,19,22.05,,,0,,,,,,,0,0
Leila Johnston,Florida State University,19,15.17,1,3,0.3333333333333333,3,3,3,3,,,7,0.7777777777777778
Caroline Nava,Florida State University,19,11.13,,,0,,,,,,,0,0
Lauren Peavy,Florida State University,19,25.58,,,0,,,,,,,0,0
Natalie Purnell,Florida State University,19,11.76,,,0,13,3,14,4,37,3,64,6.4
Manuella Andrade,Florida State University,20,16.13,2,3,0.6666666666666666,,,,,,,2,0.6666666666666666
Macie Beairsto,Florida State University,20,20.14,,,0,,,,,,,0,0
Nicole Blank,Florida State University,20,14.39,0,3,0.0,,,,,,,0,0.0
Ayla Bonniwell,Florida State University,20,100.00,43,3,14.333333333333334,52,3,47,2,44,2,186,18.6
Molly Carlson,Florida State University,20,69.57,85,3,28.333333333333332,36,2,73,3,92,3,286,26.0
Natalie Chambers,Florida State University,18,19.92,,,0,,,,,,,0,0
Christi DiPaolo,Florida State University,19,-1,,,0,,,,,,,0,0
Helayna Hessinger,Florida State University,20,100.00,,,0,,,,,,,0,0
Christina Loh,Florida State University,18,100.00,,,0,,,45,3,,,45,15.0
Tayla Lovemore,Florida State University,18,15.42,,,0,,,49,3,54,4,103,14.714285714285714
Haley O'Meara,Florida State University,20,-1,,,0,,,,,,,0,0
Paige Schendelaar-Kemp,Florida State University,20,14.62,0,3,0.0,,,18,3,4,3,22,2.4444444444444446
Michelle Turek,Florida State University,19,10.19,,,0,11,3,,,,,11,3.6666666666666665
Alexandria Wittman,Florida State University,18,4.78,,,0,,,4,3,,,4,1.3333333333333333
Ana Zortea,Florida State University,20,46.96,,,0,,,,,11,3,11,3.6666666666666665
Mykala Arnold,Florida State University,19,18.83,,,0,,,,,,,0,0
Kile Carriger,Florida State University,21,15.61,,,0,,,,,,,0,0
Madeline Cohen,Florida State University,21,5.68,5,4,1.25,6,3,7,3,,,18,1.8
Kara Coughlin,Florida State University,21,20.13,,,0,,,,,,,0,0
Shelly Drozda,Florida State University,19,11.15,,,0,,,7,4,,,7,1.75
Isabella English,Florida State University,21,17.56,,,0,,,,,,,0,0
Georgiana Gardner,Florida State University,19,33.84,,,0,,,,,,,0,0
Madison Holland,Florida State University,21,19.08,,,0,,,,,,,0,0
Olivia Jacobi,Florida State University,18,31.93,,,0,,,,,,,0,0
McKenna Keith,Florida State University,19,24.66,,,0,,,,,,,0,0
Hailey Ladd,Florida State University,21,17.31,,,0,,,,,,,0,0
Wallace Layland,Florida State University,18,100.00,56,3,18.666666666666668,79,3,53,2,54,2,242,24.2
Melissa Marinheiro,Florida State University,19,9.79,,,0,,,,,,,0,0
Elise OLSEN,Florida State University,21,10.37,,,0,,,,,,,0,0
Kathryn Petrone,Florida State University,21,12.58,7,4,1.75,,,,,,,7,1.75
Emma Terebo,Florida State University,21,18.39,19,3,6.333333333333333,25,4,18,4,,,62,5.636363636363637
Madison Tyle,Florida State University,21,17.32,,,0,,,,,,,0,0
Elizabeth Zubero,Florida State University,20,18.20,,,0,,,,,,,0,0
Kertu Alnek,Florida State University,22,7.25,,,0,,,,,,,0,0
Katherine Baker,Florida State University,22,20.10,,,0,2,3,,,,,2,0.6666666666666666
Boglarka BONECZ,Florida State University,22,6.78,12,3,4.0,,,,,,,12,4.0
Grace Cable,Florida State University,22,-1,38,2,19.0,,,,,,,38,19.0
Alexis Durlacher,Florida State University,22,19.09,,,0,,,,,,,0,0
Magdalena Emary,Florida State University,22,12.33,,,0,3,3,,,,,3,1.0
Klaudia Greer,Florida State University,22,17.31,,,0,,,,,,,0,0
Dorothy Halmy,Florida State University,20,10.10,,,0,,,6,3,,,6,2.0
Lauren Hew,Florida State University,22,16.28,,,0,,,,,,,0,0
Stephanie Holmes,Florida State University,22,6.53,15,3,5.0,4,1,,,,,19,4.75
Ida Hulkko,Florida State University,22,7.79,36,3,12.0,,,,,,,36,12.0
Laura Jensen,Florida State University,22,10.27,14,2,7.0,,,,,,,14,7.0
Nina Kucheran,Florida State University,22,2.51,68,3,22.666666666666668,40,3,,,,,108,18.0
Madeleine McDonald,Florida State University,22,11.26,19,4,4.75,26,4,,,,,45,5.625
Hannah Womer,Florida State University,22,8.35,,,0,6,4,,,,,6,1.5
Aryanna Fernandes,Florida State University,22,7.99,,,0,25,4,,,,,25,6.25
Leanna Gharbaoui,Florida State University,23,16.69,,,0,,,,,,,0,0
Giulia Grasso,Florida State University,23,13.60,,,0,,,,,,,0,0
Elizabeth Harris,Florida State University,23,3.24,,,0,,,,,,,0,0
Rebecca Moynihan,Florida State University,21,100.00,,,0,,,1,3,,,1,0.3333333333333333
Tania Quaglieri,Florida State University,23,11.53,0,3,0.0,,,,,,,0,0.0
Sydney Vanovermeiren,Florida State University,23,6.82,20,3,6.666666666666667,,,,,,,20,6.666666666666667
Katherine Brandus,Georgia Institute of Technology,15,17.42,,,0,,,1,3,0,3,1,0.16666666666666666
Elise Breaux,Georgia Institute of Technology,17,16.42,,,0,,,,,,,0,0
Kate Clark,Georgia Institute of Technology,16,13.41,,,0,0,3,,,,,0,0.0
Darelle Cowley,Georgia Institute of Technology,16,4.79,,,0,0,3,0,1,23,3,23,3.2857142857142856
Andrea Demick,Georgia Institute of Technology,17,59.45,14,2,7.0,12,2,5,1,0,2,31,4.428571428571429
Catherine Felix,Georgia Institute of Technology,17,17.90,,,0,,,,,,,0,0
Caroline Fore,Georgia Institute of Technology,15,10.41,,,0,,,,,,,0,0
Ashley Hardy,Georgia Institute of Technology,15,-1,,,0,,,20,3,,,20,6.666666666666667
Samantha Kase,Georgia Institute of Technology,17,25.93,,,0,,,,,,,0,0
Katherine Kerman,Georgia Institute of Technology,16,29.95,,,0,0,4,,,,,0,0.0
Frederique Lefebvre,Georgia Institute of Technology,16,15.43,,,0,0,3,1,5,,,1,0.125
Shannon Lumbra,Georgia Institute of Technology,16,100.00,,,0,39,3,39,3,25,3,103,11.444444444444445
Kelsey Maloney,Georgia Institute of Technology,15,56.94,,,0,,,,,,,0,0
Madeline Paschal,Georgia Institute of Technology,17,40.95,,,0,0,4,5,4,8,4,13,1.0833333333333333
Catherine Richards,Georgia Institute of Technology,15,83.47,,,0,,,0,3,0,3,0,0.0
Sarah Roethel,Georgia Institute of Technology,15,-1,,,0,,,,,,,0,0
Jaclyn Rohal,Georgia Institute of Technology,16,20.42,,,0,,,,,,,0,0
Efrat Rotsjen,Georgia Institute of Technology,15,100.00,,,0,,,0,3,0,4,0,0.0
Chiara Ruiu,Georgia Institute of Technology,17,-1,0,3,0.0,4,3,22,3,18,3,44,3.6666666666666665
Erika Staskevicius,Georgia Institute of Technology,16,5.92,,,0,2,3,0,1,0,3,2,0.2857142857142857
Carly Sweeney,Georgia Institute of Technology,16,15.93,,,0,0,3,0,2,0,3,0,0.0
Alexandra Tracy,Georgia Institute of Technology,17,4.87,0,3,0.0,0,3,,,,,0,0.0
Hailey White,Georgia Institute of Technology,15,14.42,,,0,,,0,3,,,0,0.0
Sarah Williford,Georgia Institute of Technology,16,12.39,,,0,26,3,12,3,,,38,6.333333333333333
Kathryn Woolbright,Georgia Institute of Technology,15,2.26,,,0,,,5,3,,,5,1.6666666666666667
Madison Young,Georgia Institute of Technology,17,63.07,22,3,7.333333333333333,1,3,16,3,3,3,42,3.5
Kira DeBruyn,Georgia Institute of Technology,18,11.01,0,2,0.0,5,3,33,3,29,3,67,6.090909090909091
Morgan Lyons,Georgia Institute of Technology,18,5.88,0,3,0.0,2,3,0,3,2,3,4,0.3333333333333333
Ellen Posch,Georgia Institute of Technology,18,100.00,,,0,,,,,,,0,0
Caroline Price,Georgia Institute of Technology,15,100.00,,,0,,,,,,,0,0
Alexandra Rieger,Georgia Institute of Technology,18,4.31,0,1,0.0,6,3,0,3,,,6,0.8571428571428571
MaryKathryn Terry,Georgia Institute of Technology,15,11.91,,,0,,,,,,,0,0
Megan Young,Georgia Institute of Technology,18,5.88,0,3,0.0,,,,,17,4,17,2.4285714285714284
Lila Best,Georgia Institute of Technology,19,11.38,,,0,,,,,,,0,0
Laura Branton,Georgia Institute of Technology,19,9.83,20,3,6.666666666666667,32,3,6,3,,,58,6.444444444444445
Sara Gilbert,Georgia Institute of Technology,19,23.65,0,3,0.0,0,3,0,4,0,3,0,0.0
Megan Hansen,Georgia Institute of Technology,19,24.50,,,0,,,,,,,0,0
Florina Ilie,Georgia Institute of Technology,19,4.45,17,3,5.666666666666667,,,23,3,,,40,6.666666666666667
Haibing Wang,Georgia Institute of Technology,19,4.48,29,3,9.666666666666666,42,3,32,3,46,3,149,12.416666666666666
Kayla Williams,Georgia Institute of Technology,19,23.77,,,0,,,,,,,0,0
Sara Al Khatib,Georgia Institute of Technology,20,-1,1,3,0.3333333333333333,,,,,,,1,0.3333333333333333
Kelli Croft,Georgia Institute of Technology,20,23.72,,,0,,,,,,,0,0
Caroline Doi,Georgia Institute of Technology,20,100.00,2,3,0.6666666666666666,11,3,12,3,27,3,52,4.333333333333333
Emily Dykstra,Georgia Institute of Technology,20,23.91,,,0,,,,,,,0,0
Tamir Gonen,Georgia Institute of Technology,17,27.46,,,0,,,,,2,4,2,0.5
Kristen Hepler,Georgia Institute of Technology,20,18.71,2,3,0.6666666666666666,12,3,15,3,26,3,55,4.583333333333333
Emily Ilgenfritz,Georgia Institute of Technology,20,14.18,12,3,4.0,36,3,46,3,29,3,123,10.25
Kaitlin Kitchens,Georgia Institute of Technology,18,3.29,,,0,,,0,3,1,3,1,0.16666666666666666
Caroline Lee,Georgia Institute of Technology,20,19.42,6,3,2.0,5,3,0,3,21,4,32,2.4615384615384617
Chloe Miller,Georgia Institute of Technology,20,16.96,2,3,0.6666666666666666,4,3,,,0,3,6,0.6666666666666666
Madeline Oliver,Georgia Institute of Technology,20,23.30,0,3,0.0,,,,,,,0,0.0
Jordyn Sak,Georgia Institute of Technology,20,-1,,,0,,,,,,,0,0
Lindsay Wallace,Georgia Institute of Technology,20,20.39,,,0,0,3,3,3,5,3,8,0.8888888888888888
Abbey Yates,Georgia Institute of Technology,20,100.00,0,3,0.0,,,,,,,0,0.0
Paige Gohr,Georgia Institute of Technology,21,100.00,6,3,2.0,,,,,,,6,2.0
Camryn Hidalgo,Georgia Institute of Technology,21,100.00,,,0,59,3,85,3,,,144,24.0
Camille Long,Georgia Institute of Technology,21,18.31,,,0,4,3,,,,,4,1.3333333333333333
Catriona Macgregor,Georgia Institute of Technology,21,11.73,,,0,0,3,0,4,,,0,0.0
Grace Mauldin,Georgia Institute of Technology,21,24.40,,,0,0,3,0,3,,,0,0.0
Alexandra Nilsson,Georgia Institute of Technology,21,28.39,,,0,,,,,,,0,0
Celine Nugent,Georgia Institute of Technology,21,13.50,0,3,0.0,,,,,,,0,0.0
Alexandra Paschal,Georgia Institute of Technology,21,13.61,0,3,0.0,3,4,7,3,,,10,1.0
Julia Shuford,Georgia Institute of Technology,21,16.61,,,0,,,0,3,,,0,0.0
Kelsey Dekshenieks,Georgia Institute of Technology,22,100.00,1,3,0.3333333333333333,2,3,,,,,3,0.5
Madeleine Hadd,Georgia Institute of Technology,22,11.17,1,3,0.3333333333333333,9,3,,,,,10,1.6666666666666667
Morgan Johnson,Georgia Institute of Technology,22,11.67,17,3,5.666666666666667,15,3,,,,,32,5.333333333333333
Macleary Moran,Georgia Institute of Technology,22,20.10,,,0,,,,,,,0,0
Jami Williams,Georgia Institute of Technology,22,26.28,0,3,0.0,,,,,,,0,0.0
Nicole Williams,Georgia Institute of Technology,22,9.23,5,3,1.6666666666666667,5,3,,,,,10,1.6666666666666667
McKenzie Campbell,Georgia Institute of Technology,23,12.81,3,3,1.0,,,,,,,3,1.0
Abigail Cohen,Georgia Institute of Technology,23,21.61,,,0,,,,,,,0,0
Kyrsten Davis,Georgia Institute of Technology,23,15.22,0,2,0.0,,,,,,,0,0.0
Imane El Barodi,Georgia Institute of Technology,23,-1,,,0,,,,,,,0,0
Amanda Hoejberg,Georgia Institute of Technology,22,100.00,,,0,,,,,,,0,0
Brooke Switzer,Georgia Institute of Technology,23,11.16,5,3,1.6666666666666667,,,,,,,5,1.6666666666666667
Carmen Woodruff,Georgia Institute of Technology,23,100.00,,,0,,,,,,,0,0
Erika Bonnema,North Carolina State University,16,3.93,,,0,44,3,59,3,60,3,163,18.11111111111111
Kayla Brumbaum,North Carolina State University,17,4.90,32,3,10.666666666666666,46,3,66,3,67,3,211,17.583333333333332
Addisynn Bursch,North Carolina State University,17,2.71,24,3,8.0,58,3,,,,,82,13.666666666666666
Kristin Connors,North Carolina State University,16,21.29,,,0,27,3,,,17,3,44,7.333333333333333
Hannah Freyman,North Carolina State University,15,8.36,,,0,,,39,3,7,3,46,7.666666666666667
Nicole Giamber,North Carolina State University,16,-1,,,0,,,,,,,0,0
Zina Grogg,North Carolina State University,15,6.89,,,0,,,64,4,,,64,16.0
Mariah Hamil,North Carolina State University,16,7.90,,,0,,,,,,,0,0
Nicole Haynes,North Carolina State University,15,-1,,,0,,,15,3,16,3,31,5.166666666666667
Lydia Jones,North Carolina State University,17,3.82,29,3,9.666666666666666,4,3,34,3,12,3,79,6.583333333333333
Madaline Keeley,North Carolina State University,16,100.00,,,0,,,,,,,0,0
Ashlyn Koletic,North Carolina State University,16,9.41,,,0,46,4,33,3,68,4,147,13.363636363636363
Natalie Labonge,North Carolina State University,17,4.36,65,3,21.666666666666668,38,3,80,3,60,3,243,20.25
Anne Leuthold,North Carolina State University,14,2.59,,,0,,,,,16,3,16,5.333333333333333
Katelyn Linker,North Carolina State University,15,9.88,,,0,,,,,20,3,20,6.666666666666667
Kelsey Liu,North Carolina State University,15,10.91,,,0,,,19,3,,,19,6.333333333333333
Gabrielle McDermott,North Carolina State University,17,100.00,,,0,0,3,3,3,,,3,0.5
Kaitlin Mills,North Carolina State University,15,8.44,,,0,,,26,3,,,26,8.666666666666666
Rachel Muller,North Carolina State University,17,3.19,49,3,16.333333333333332,68,3,79,3,66,3,262,21.833333333333332
Lotta Nevalainen,North Carolina State University,17,1.64,44,3,14.666666666666666,28,3,25,3,59,3,156,13.0
Kendall Pena,North Carolina State University,17,21.10,,,0,,,2,3,,,2,0.6666666666666666
Lauren Poli,North Carolina State University,15,10.93,,,0,,,48,3,35,3,83,13.833333333333334
Payton Schrum,North Carolina State University,16,13.90,,,0,,,,,,,0,0
Hayley Tomlinson,North Carolina State University,16,8.88,,,0,21,3,,,,,21,7.0
Madison Witzke,North Carolina State University,17,13.92,,,0,0,3,,,,,0,0.0
Bailey Woodling,North Carolina State University,15,15.42,,,0,,,,,,,0,0
Alexia Zevnik,North Carolina State University,17,2.15,64,3,21.333333333333332,81,5,84,4,96,4,325,20.3125
Krista Duffield,North Carolina State University,18,1.81,35,3,11.666666666666666,52,3,60,3,50,3,197,16.416666666666668
Caroline Estep,North Carolina State University,18,12.40,,,0,,,,,,,0,0
Gobi McDermmott,North Carolina State University,15,-1,,,0,,,,,,,0,0
Rachael Mumma,North Carolina State University,16,100.00,,,0,,,55,3,72,3,127,21.166666666666668
Yurie Nakano,North Carolina State University,16,4.36,,,0,,,9,3,37,3,46,7.666666666666667
Lauren Rhodes,North Carolina State University,18,11.36,0,3,0.0,,,,,,,0,0.0
Emerson Barnhill,North Carolina State University,19,21.91,,,0,,,,,,,0,0
Courtney Caldwell,North Carolina State University,19,7.54,48,3,16.0,80,3,,,,,128,21.333333333333332
Morgan Carr,North Carolina State University,19,11.76,10,3,3.3333333333333335,,,,,,,10,3.3333333333333335
Michelle Craddock,North Carolina State University,16,18.41,,,0,,,,,62,3,62,20.666666666666668
Allison Fogleman,North Carolina State University,19,10.88,,,0,,,,,,,0,0
Anna Jahns,North Carolina State University,19,6.04,,,0,35,3,52,3,61,3,148,16.444444444444443
Christine Kerr,North Carolina State University,19,9.41,,,0,6,3,,,,,6,2.0
Rozhina McClanahan,North Carolina State University,19,24.04,,,0,,,,,,,0,0
Hannah Moore,North Carolina State University,18,1.10,,,0,82,3,80,3,87,3,249,27.666666666666668
Lindsay Morrow,North Carolina State University,19,7.43,4,3,1.3333333333333333,30,3,54,3,38,3,126,10.5
Carlie Perkin,North Carolina State University,19,54.27,,,0,,,,,,,0,0
Catherine Revels,North Carolina State University,19,100.00,,,0,,,,,,,0,0
Elizabeth Underkoffler,North Carolina State University,19,27.92,,,0,,,,,,,0,0
Vasiliki Baka,North Carolina State University,20,14.67,0,3,0.0,8,3,,,,,8,1.3333333333333333
Rachel Burston,North Carolina State University,20,-1,7,3,2.3333333333333335,,,,,,,7,2.3333333333333335
Mackenzie Glover,North Carolina State University,20,4.36,37,3,12.333333333333334,22,3,,,60,3,119,13.222222222222221
Elise Haan,North Carolina State University,19,2.95,,,0,51,4,69,4,56,4,176,14.666666666666666
Jessica Horomanski,North Carolina State University,20,7.70,17,3,5.666666666666667,57,3,49,3,46,3,169,14.083333333333334
Madeline Kline,North Carolina State University,20,100.00,41,3,13.666666666666666,60,3,54,3,55,3,210,17.5
Olga Lapteva,North Carolina State University,20,13.57,,,0,,,,,,,0,0
Ky-lee Perry,North Carolina State University,20,-1,66,3,22.0,,,55,3,61,3,182,20.22222222222222
Olivia Calegan,North Carolina State University,21,5.70,16,3,5.333333333333333,60,3,58,3,,,134,14.88888888888889
Jacqueline Clabeaux,North Carolina State University,21,8.96,,,0,,,,,,,0,0
Olivia Fisher,North Carolina State University,21,11.38,22,3,7.333333333333333,26,3,,,,,48,8.0
Tamila Holub,North Carolina State University,21,8.33,,,0,,,,,,,0,0
Danika Huizinga,North Carolina State University,21,16.34,27,3,9.0,17,3,40,3,,,84,9.333333333333334
Alexandra Lupton,North Carolina State University,19,4.73,,,0,,,12,3,,,12,4.0
Katherine Moore,North Carolina State University,21,5.63,56,3,18.666666666666668,84,3,87,4,,,227,22.7
Madeline Morello,North Carolina State University,21,15.47,,,0,,,,,,,0,0
Julia Poole,North Carolina State University,21,3.38,75,3,25.0,82,4,74,3,,,231,23.1
Anna Shumate,North Carolina State University,21,13.14,20,3,6.666666666666667,,,20,3,,,40,6.666666666666667
Kylee Alons,North Carolina State University,22,1.93,78,3,26.0,87,3,,,,,165,27.5
Taylor Bennett,North Carolina State University,22,60.12,,,0,,,,,,,0,0
Felicity Buchmaier,North Carolina State University,22,12.68,,,0,,,,,,,0,0
Hailey Fisher,North Carolina State University,22,100.00,,,0,,,,,,,0,0
Sophie Hansson,North Carolina State University,22,1.89,90,3,30.0,84,3,,,,,174,29.0
Shannon Kearney,North Carolina State University,22,10.76,,,0,,,,,,,0,0
Emma Muzzy,North Carolina State University,22,1.16,82,3,27.333333333333332,81,3,,,,,163,27.166666666666668
Sirena Rowe,North Carolina State University,20,18.78,,,0,,,31,3,,,31,10.333333333333334
Brooke Rubendall,North Carolina State University,20,12.03,,,0,,,,,,,0,0
Makayla Sargent,North Carolina State University,20,5.43,,,0,,,69,3,79,3,148,24.666666666666668
Michell Schlossmacher-Smith,North Carolina State University,22,100.00,,,0,,,,,,,0,0
Katharine Berkoff,North Carolina State University,23,1.28,60,4,15.0,,,,,,,60,15.0
Katelyn Cook,North Carolina State University,23,100.00,,,0,,,,,,,0,0
Madelyn Flickinger,North Carolina State University,23,10.46,,,0,,,,,,,0,0
Katharine Foley,North Carolina State University,23,15.62,47,3,15.666666666666666,,,,,,,47,15.666666666666666
Elle Giesler,North Carolina State University,23,13.85,,,0,,,,,,,0,0
Faith Hefner,North Carolina State University,23,12.25,,,0,,,,,,,0,0
Abigail Kriegler,North Carolina State University,23,12.60,,,0,,,,,,,0,0
Heather MacCausland,North Carolina State University,23,6.64,48,3,16.0,,,,,,,48,16.0
Katelyn Mack,North Carolina State University,23,2.36,33,3,11.0,,,,,,,33,11.0
Madelaine Smith,North Carolina State University,22,13.88,,,0,,,,,,,0,0
Helene Synnott,North Carolina State University,23,98.60,13,3,4.333333333333333,,,,,,,13,4.333333333333333
Parker Timken,North Carolina State University,23,7.90,,,0,,,,,,,0,0
Angela Algee,University of Miami (Florida),17,3.26,6,3,2.0,27,3,40,3,30,3,103,8.583333333333334
Heather Arseth,University of Miami (Florida),15,4.39,,,0,,,0,4,0,3,0,0.0
Cheyenne Cousineau,University of Miami (Florida),16,100.00,,,0,73,3,75,3,,,148,24.666666666666668
Cameron Davis,University of Miami (Florida),17,5.32,11,3,3.6666666666666665,21,3,7,3,9,3,48,4.0
My Fridell,University of Miami (Florida),16,-1,,,0,24,3,2,3,9,3,35,3.888888888888889
Alejandra Gonzalez,University of Miami (Florida),16,33.93,,,0,0,3,0,3,0,3,0,0.0
Lindsay Lester,University of Miami (Florida),15,-1,,,0,,,27,2,,,27,13.5
Kara McCormack,University of Miami (Florida),16,100.00,,,0,80,3,,,35,2,115,23.0
Meghan Murphy,University of Miami (Florida),15,100.00,,,0,,,0,3,0,3,0,0.0
Katherine Nicholson,University of Miami (Florida),15,73.44,,,0,,,0,3,,,0,0.0
Madison Qualy,University of Miami (Florida),16,18.43,,,0,0,4,0,3,,,0,0.0
Anna Schippert,University of Miami (Florida),17,-1,3,3,1.0,12,3,19,3,0,3,34,2.8333333333333335
Tiffany Sudarma,University of Miami (Florida),17,21.61,0,3,0.0,,,,,,,0,0.0
Thea Vock,University of Miami (Florida),15,100.00,,,0,,,44,2,56,2,100,25.0
Amy Wiley,University of Miami (Florida),17,6.45,0,3,0.0,8,3,,,,,8,1.3333333333333333
Katherine Daniels,University of Miami (Florida),15,9.88,,,0,,,,,,,0,0
Cynthia Hoppler,University of Miami (Florida),15,-1,,,0,,,,,,,0,0
Jessica Hurley,University of Miami (Florida),18,25.52,0,3,0.0,,,0,2,0,2,0,0.0
Rebeka Repman,University of Miami (Florida),18,-1,0,3,0.0,0,3,,,,,0,0.0
Julie Suarez,University of Miami (Florida),18,7.89,6,5,1.2,1,3,24,3,,,31,2.8181818181818183
Tal Tahori,University of Miami (Florida),15,-1,,,0,,,,,0,3,0,0.0
Ksenia Yuskova,University of Miami (Florida),18,7.44,17,4,4.25,21,3,,,,,38,5.428571428571429
Ianire Casarin,University of Miami (Florida),19,100.00,7,3,2.3333333333333335,0,3,,,,,7,1.1666666666666667
Carolyn Chaney,University of Miami (Florida),19,100.00,49,2,24.5,,,2,2,,,51,12.75
Sophia Dal Porto,University of Miami (Florida),19,29.03,0,3,0.0,0,3,,,,,0,0.0
Madison Emery,University of Miami (Florida),19,31.93,0,3,0.0,0,3,,,,,0,0.0
Christina Leander,University of Miami (Florida),17,2.18,,,0,,,21,4,0,4,21,2.625
Marcela Maric,University of Miami (Florida),19,-1,,,0,54,2,12,2,,,66,16.5
Katherine Sickinger,University of Miami (Florida),19,28.27,0,3,0.0,0,3,0,3,0,3,0,0.0
Sydney Story,University of Miami (Florida),19,33.70,0,3,0.0,0,3,0,3,0,3,0,0.0
Roxanne Yu,University of Miami (Florida),19,-1,4,3,1.3333333333333333,4,2,0,3,0,3,8,0.7272727272727273
LEAH BROWN,University of Miami (Florida),20,67.55,0,3,0.0,,,,,,,0,0.0
Claire McGinnis,University of Miami (Florida),20,16.97,0,3,0.0,0,3,6,3,0,3,6,0.5
Chantal Noe,University of Miami (Florida),20,-1,0,3,0.0,,,,,,,0,0.0
Iliana OIKONOMOU,University of Miami (Florida),20,13.33,,,0,,,,,,,0,0
Manon Viguier,University of Miami (Florida),20,-1,7,3,2.3333333333333335,5,4,0,3,0,3,12,0.9230769230769231
Alicia Blagg,University of Miami (Florida),20,-1,,,0,45,2,64,2,,,109,27.25
Laurynn Harvard,University of Miami (Florida),21,17.92,,,0,,,,,,,0,0
Jacklyn Kleinsorgen,University of Miami (Florida),21,29.26,0,3,0.0,,,,,,,0,0.0
Sydney Knapp,University of Miami (Florida),21,18.52,0,3,0.0,0,3,0,3,,,0,0.0
Andrea Kyriakidis,University of Miami (Florida),21,7.08,24,3,8.0,,,,,,,24,8.0
Carmen San Nicolas Martinez,University of Miami (Florida),21,14.65,0,3,0.0,0,3,0,3,,,0,0.0
Chandler Sensibaugh,University of Miami (Florida),21,32.35,0,3,0.0,0,3,0,3,,,0,0.0
Alaina Skellett,University of Miami (Florida),21,11.36,0,3,0.0,0,4,13,4,,,13,1.1818181818181819
Maria Artigas Fernandez,University of Miami (Florida),22,11.23,0,3,0.0,,,,,,,0,0.0
Millie Haffety,University of Miami (Florida),22,-1,25,2,12.5,14,2,,,,,39,9.75
Chloe Hull,University of Miami (Florida),22,23.74,,,0,,,,,,,0,0
Madeline Lauther,University of Miami (Florida),22,29.27,0,3,0.0,0,3,,,,,0,0.0
Zorryonna Mason,University of Miami (Florida),22,13.32,28,4,7.0,40,4,,,,,68,8.5
Grace McGinnis,University of Miami (Florida),22,22.80,0,4,0.0,,,,,,,0,0.0
Emily Weissman,University of Miami (Florida),22,16.17,0,3,0.0,,,,,,,0,0.0
Jessie Creed,University of Miami (Florida),23,100.00,27,3,9.0,,,,,,,27,9.0
Una Forsythe,University of Miami (Florida),23,26.34,0,3,0.0,,,,,,,0,0.0
Aino Otava,University of Miami (Florida),23,9.61,0,2,0.0,,,,,,,0,0.0
Nicole Sowell,University of Miami (Florida),23,27.60,0,3,0.0,,,,,,,0,0.0
Andrea Todorovic,University of Miami (Florida),23,7.29,0,3,0.0,,,,,,,0,0.0
Isabel Traba,University of Miami (Florida),23,12.33,0,3,0.0,,,,,,,0,0.0
Mia Vall,University of Miami (Florida),23,100.00,22,2,11.0,,,,,,,22,11.0
Carolyn Blalock,"University of North Carolina, Chapel Hill",15,4.91,,,0,,,86,3,,,86,28.666666666666668
Madison Burns,"University of North Carolina, Chapel Hill",16,3.20,,,0,,,53,3,21,3,74,12.333333333333334
Rachel Canty,"University of North Carolina, Chapel Hill",16,3.38,,,0,,,,,,,0,0
Liliana Casso,"University of North Carolina, Chapel Hill",17,13.40,,,0,,,,,14,3,14,4.666666666666667
Kelly Corish,"University of North Carolina, Chapel Hill",15,100.00,,,0,,,18,3,,,18,6.0
Lauren Earp,"University of North Carolina, Chapel Hill",16,8.02,,,0,62,3,47,3,57,3,166,18.444444444444443
Abigail Fisher,"University of North Carolina, Chapel Hill",17,6.67,34,3,11.333333333333334,,,54,3,34,3,122,13.555555555555555
Annie Goessling,"University of North Carolina, Chapel Hill",17,10.88,,,0,,,,,,,0,0
Allyn Hardesty,"University of North Carolina, Chapel Hill",16,2.87,,,0,58,3,72,3,61,3,191,21.22222222222222
Annie Harrison,"University of North Carolina, Chapel Hill",16,2.18,,,0,53,3,,,51,3,104,17.333333333333332
Allison Haufler,"University of North Carolina, Chapel Hill",16,10.42,,,0,,,,,,,0,0
Sarah Hitchens,"University of North Carolina, Chapel Hill",17,2.76,31,3,10.333333333333334,59,3,55,3,70,3,215,17.916666666666668
Meredith Hoover,"University of North Carolina, Chapel Hill",15,16.42,,,0,,,71,3,,,71,23.666666666666668
Catherine Hulsey,"University of North Carolina, Chapel Hill",14,5.28,,,0,,,,,65,4,65,16.25
Danielle Jansen,"University of North Carolina, Chapel Hill",15,2.75,,,0,,,,,,,0,0
Sarah Koucheki,"University of North Carolina, Chapel Hill",17,1.67,30,3,10.0,36,3,39,3,54,3,159,13.25
Hannah Lincoln,"University of North Carolina, Chapel Hill",16,3.32,,,0,52,3,60,3,,,112,18.666666666666668
Katlyn McKay,"University of North Carolina, Chapel Hill",17,11.42,,,0,,,,,,,0,0
Hellen Moffitt,"University of North Carolina, Chapel Hill",17,2.19,31,3,10.333333333333334,78,4,82,3,87,3,278,21.384615384615383
Catherine Munch,"University of North Carolina, Chapel Hill",14,7.88,,,0,,,,,3,3,3,1.0
Emma Nunn,"University of North Carolina, Chapel Hill",16,2.08,,,0,73,3,78,3,74,3,225,25.0
Stephanie Peacock,"University of North Carolina, Chapel Hill",15,3.74,,,0,,,82,3,,,82,27.333333333333332
Emily Pfeiffer,"University of North Carolina, Chapel Hill",17,9.87,,,0,,,24,3,38,3,62,10.333333333333334
Erin Purdy,"University of North Carolina, Chapel Hill",16,100.00,,,0,20,3,,,,,20,6.666666666666667
Katherine Rechsteiner,"University of North Carolina, Chapel Hill",15,3.42,,,0,,,48,3,,,48,16.0
Kathryn Rhyne,"University of North Carolina, Chapel Hill",16,100.00,,,0,,,,,,,0,0
Natalie Ritter,"University of North Carolina, Chapel Hill",15,67.86,,,0,,,,,,,0,0
Hannah Runyon-Hass,"University of North Carolina, Chapel Hill",15,5.89,,,0,,,45,3,47,3,92,15.333333333333334
Emily Schmidt,"University of North Carolina, Chapel Hill",15,79.92,,,0,,,,,,,0,0
Danielle Siverling,"University of North Carolina, Chapel Hill",15,1.70,,,0,,,79,3,79,3,158,26.333333333333332
Carly Smith,"University of North Carolina, Chapel Hill",14,9.45,,,0,,,,,46,4,46,11.5
Kendall Surhoff,"University of North Carolina, Chapel Hill",16,5.80,,,0,,,,,,,0,0
Caroline Baldwin,"University of North Carolina, Chapel Hill",18,2.15,67,3,22.333333333333332,68,4,82,4,84,4,301,20.066666666666666
Megan Bestor,"University of North Carolina, Chapel Hill",18,1.74,51,3,17.0,,,,,,,51,17.0
Madison Boswell,"University of North Carolina, Chapel Hill",18,3.24,,,0,29,3,,,9,3,38,6.333333333333333
Elissa Dawson,"University of North Carolina, Chapel Hill",18,100.00,41,3,13.666666666666666,80,3,76,3,37,2,234,21.272727272727273
Kathryn Ford,"University of North Carolina, Chapel Hill",18,3.36,,,0,,,3,3,,,3,1.0
Emily Slabe,"University of North Carolina, Chapel Hill",18,1.75,,,0,13,3,24,3,5,3,42,4.666666666666667
Michole Timm,"University of North Carolina, Chapel Hill",15,100.00,,,0,,,,,68,3,68,22.666666666666668
Macey Arnold,"University of North Carolina, Chapel Hill",17,10.89,,,0,,,26,3,57,3,83,13.833333333333334
Kali Becker,"University of North Carolina, Chapel Hill",19,100.00,,,0,,,,,,,0,0
Kathryn Boyer,"University of North Carolina, Chapel Hill",19,11.94,,,0,,,,,,,0,0
Robyn Dryer,"University of North Carolina, Chapel Hill",19,10.18,12,3,4.0,,,29,3,27,3,68,7.555555555555555
Zhada Fields,"University of North Carolina, Chapel Hill",19,11.06,,,0,0,3,46,3,48,3,94,10.444444444444445
Maria Lohman,"University of North Carolina, Chapel Hill",19,100.00,36,3,12.0,39,3,69,3,39,3,183,15.25
Andi Mack,"University of North Carolina, Chapel Hill",19,12.17,,,0,,,,,,,0,0
Sara Maleski,"University of North Carolina, Chapel Hill",19,100.00,,,0,,,,,,,0,0
Qian Pang,"University of North Carolina, Chapel Hill",19,100.00,,,0,,,,,,,0,0
Brooke Bauer,"University of North Carolina, Chapel Hill",20,9.34,14,3,4.666666666666667,17,3,14,3,,,45,5.0
Bryanna Cameron,"University of North Carolina, Chapel Hill",20,14.17,31,3,10.333333333333334,48,3,51,3,50,3,180,15.0
Meghan Dupay,"University of North Carolina, Chapel Hill",20,12.60,,,0,,,,,,,0,0
Susanna LaRochelle,"University of North Carolina, Chapel Hill",20,12.17,24,3,8.0,18,3,,,,,42,7.0
Kylie Mihok,"University of North Carolina, Chapel Hill",20,10.25,,,0,,,,,,,0,0
Eireni Moshos,"University of North Carolina, Chapel Hill",20,3.99,1,3,0.3333333333333333,,,,,,,1,0.3333333333333333
Natalie Ward,"University of North Carolina, Chapel Hill",20,14.48,,,0,,,,,,,0,0
Erica Wirth,"University of North Carolina, Chapel Hill",20,13.92,,,0,,,,,,,0,0
Madeline Baker,"University of North Carolina, Chapel Hill",21,13.78,,,0,,,,,,,0,0
Sydney Baker,"University of North Carolina, Chapel Hill",21,5.84,12,4,3.0,,,,,,,12,3.0
Emma Cole,"University of North Carolina, Chapel Hill",21,3.32,7,3,2.3333333333333335,5,3,59,3,,,71,7.888888888888889
Caroline Guice,"University of North Carolina, Chapel Hill",21,100.00,,,0,,,,,,,0,0
Caroline Hauder,"University of North Carolina, Chapel Hill",21,2.81,60,4,15.0,55,4,74,3,,,189,17.181818181818183
Taylor Hockenberry,"University of North Carolina, Chapel Hill",21,100.00,,,0,,,7,3,,,7,2.3333333333333335
Emma Layton,"University of North Carolina, Chapel Hill",21,9.67,,,0,,,,,,,0,0
Emma McPeeters,"University of North Carolina, Chapel Hill",21,100.00,,,0,,,,,,,0,0
Brooke Perrotta,"University of North Carolina, Chapel Hill",21,3.27,43,3,14.333333333333334,,,,,,,43,14.333333333333334
Allyson Reiter,"University of North Carolina, Chapel Hill",21,9.37,30,3,10.0,21,3,32,3,,,83,9.222222222222221
Madeline Smith,"University of North Carolina, Chapel Hill",21,7.20,,,0,4,3,,,,,4,1.3333333333333333
Mary Soule,"University of North Carolina, Chapel Hill",21,6.26,10,3,3.3333333333333335,18,3,12,3,,,40,4.444444444444445
Sabrina Bunar,"University of North Carolina, Chapel Hill",22,100.00,3,2,1.5,,,,,,,3,1.5
Grace Countie,"University of North Carolina, Chapel Hill",22,2.61,35,4,8.75,57,4,,,,,92,11.5
Emily Grund,"University of North Carolina, Chapel Hill",22,100.00,66,3,22.0,64,3,,,,,130,21.666666666666668
Lillian Higgs,"University of North Carolina, Chapel Hill",22,8.98,40,3,13.333333333333334,39,3,,,,,79,13.166666666666666
Sophie Lindner,"University of North Carolina, Chapel Hill",22,7.10,9,4,2.25,56,3,,,,,65,9.285714285714286
Heidi Lowe,"University of North Carolina, Chapel Hill",22,10.84,0,4,0.0,7,3,,,,,7,1.0
Virginia Marsh,"University of North Carolina, Chapel Hill",20,9.31,,,0,,,1,3,,,1,0.3333333333333333
Paige Burrell,"University of North Carolina, Chapel Hill",23,100.00,21,3,7.0,,,,,,,21,7.0
Caroline Cooper,"University of North Carolina, Chapel Hill",23,3.78,,,0,,,,,,,0,0
Amy Dragelin,"University of North Carolina, Chapel Hill",23,11.02,10,3,3.3333333333333335,,,,,,,10,3.3333333333333335
Allison Goldblatt,"University of North Carolina, Chapel Hill",21,11.74,,,0,,,,,,,0,0
Rabea Pfaff,"University of North Carolina, Chapel Hill",23,15.51,,,0,,,,,,,0,0
Gracyn Segard,"University of North Carolina, Chapel Hill",23,100.00,21,3,7.0,,,,,,,21,7.0
Elizabeth Vannote,"University of North Carolina, Chapel Hill",23,4.89,35,3,11.666666666666666,,,,,,,35,11.666666666666666
Claire Walsh,"University of North Carolina, Chapel Hill",23,15.97,,,0,,,,,,,0,0
Molly Barry,University of Notre Dame,17,11.89,5,3,1.6666666666666667,6,3,,,,,11,1.8333333333333333
Suzanne Bessire,University of Notre Dame,15,-1,,,0,,,,,,,0,0
Hannah Bowen,University of Notre Dame,15,1.75,,,0,,,,,,,0,0
Genevieve Bradford,University of Notre Dame,16,5.30,,,0,22,3,21,3,24,3,67,7.444444444444445
Allison Casareto,University of Notre Dame,15,100.00,,,0,,,41,3,41,3,82,13.666666666666666
Bridget Casey,University of Notre Dame,15,6.88,,,0,,,44,3,15,3,59,9.833333333333334
Sarah Dotzel,University of Notre Dame,15,9.92,,,0,,,,,,,0,0
Erin Foley,University of Notre Dame,15,8.36,,,0,,,,,4,3,4,1.3333333333333333
Emma Gaboury,University of Notre Dame,16,100.00,,,0,34,3,22,3,56,3,112,12.444444444444445
Catherine Galletti,University of Notre Dame,16,2.05,,,0,,,43,4,6,3,49,7.0
Sydney Golic,University of Notre Dame,16,20.19,,,0,,,,,,,0,0
Anna Grainger,University of Notre Dame,16,6.85,,,0,,,,,,,0,0
Genevieve Heidkamp,University of Notre Dame,16,13.91,,,0,12,3,,,,,12,4.0
Elizabeth House,University of Notre Dame,17,7.37,,,0,,,,,,,0,0
Danielle Margheret,University of Notre Dame,17,6.94,9,3,3.0,34,3,28,3,1,3,72,6.0
Mikelle Masciantonio,University of Notre Dame,15,5.95,,,0,,,,,,,0,0
Christen McDonough,University of Notre Dame,15,33.45,,,0,,,38,3,,,38,12.666666666666666
Katelyn Miller,University of Notre Dame,17,1.92,59,3,19.666666666666668,40,3,6,3,21,3,126,10.5
Catherine Mulquin,University of Notre Dame,17,4.85,15,4,3.75,32,3,24,4,39,4,110,7.333333333333333
Emma Reaney,University of Notre Dame,15,3.77,,,0,,,96,4,60,5,156,17.333333333333332
Kelly Ryan,University of Notre Dame,15,3.86,,,0,,,39,4,,,39,9.75
melissa scott,University of Notre Dame,15,9.36,,,0,,,11,3,,,11,3.6666666666666665
Lauren Stauder,University of Notre Dame,15,4.44,,,0,,,23,3,,,23,7.666666666666667
Christine Stitcher,University of Notre Dame,17,100.00,,,0,6,3,,,,,6,2.0
Lindsey Streepey,University of Notre Dame,16,100.00,,,0,53,3,56,3,60,3,169,18.77777777777778
Courtney Whyte,University of Notre Dame,15,10.89,,,0,,,40,3,32,3,72,12.0
Anne Crea,University of Notre Dame,18,100.00,,,0,16,3,,,,,16,5.333333333333333
Mary Hinton,University of Notre Dame,18,17.91,,,0,,,,,,,0,0
Sherri McIntee,University of Notre Dame,18,4.39,8,3,2.6666666666666665,0,3,26,3,,,34,3.7777777777777777
Cree Stitcher,University of Notre Dame,15,-1,,,0,,,,,,,0,0
Alyssa Storino,University of Notre Dame,18,7.42,,,0,12,3,5,3,,,17,2.8333333333333335
Gaboury Streepey,University of Notre Dame,15,-1,,,0,,,,,,,0,0
Molly Treble,University of Notre Dame,18,4.27,9,3,3.0,6,3,34,3,25,3,74,6.166666666666667
Ellen Berdusco,University of Notre Dame,19,5.79,,,0,,,,,9,3,9,3.0
Nicole Emery,University of Notre Dame,18,4.30,,,0,,,,,,,0,0
Paige Kaplan,University of Notre Dame,19,11.70,,,0,,,,,,,0,0
Ella Moynihan,University of Notre Dame,19,9.31,25,3,8.333333333333334,,,,,,,25,8.333333333333334
Meaghan O'Donnell,University of Notre Dame,19,-1,8,3,2.6666666666666665,43,3,28,3,17,3,96,8.0
Tayde Revilak Fonseca,University of Notre Dame,19,22.06,,,0,,,,,,,0,0
Kyra Sarazen,University of Notre Dame,19,11.07,38,3,12.666666666666666,13,3,27,3,36,3,114,9.5
Nicole Smith,University of Notre Dame,19,5.96,12,2,6.0,33,3,44,3,60,3,149,13.545454545454545
Lindsay Sreepey,University of Notre Dame,16,-1,,,0,,,,,,,0,0
Alice Treuth,University of Notre Dame,19,10.13,35,3,11.666666666666666,46,3,42,3,38,3,161,13.416666666666666
Rebecca Walton,University of Notre Dame,19,18.46,,,0,6,3,,,,,6,2.0
Deidre Worth,University of Notre Dame,19,100.00,3,3,1.0,,,,,,,3,1.0
Claire Andrews,University of Notre Dame,20,92.69,5,3,1.6666666666666667,13,3,,,31,3,49,5.444444444444445
Claire DeSelm,University of Notre Dame,20,11.89,,,0,,,,,,,0,0
Abigail Dolan,University of Notre Dame,20,6.45,,,0,,,,,,,0,0
Lauren Heller,University of Notre Dame,20,8.06,11,3,3.6666666666666665,15,3,22,3,17,3,65,5.416666666666667
Erin Isola,University of Notre Dame,20,100.00,1,3,0.3333333333333333,34,3,49,3,28,3,112,9.333333333333334
Kelly Jacob,University of Notre Dame,20,10.21,,,0,,,,,,,0,0
Carolyn Kammeyer,University of Notre Dame,20,13.53,,,0,,,,,,,0,0
Reilly Lanigan,University of Notre Dame,20,7.79,11,3,3.6666666666666665,,,,,12,3,23,3.8333333333333335
Katherine Rentz,University of Notre Dame,20,12.99,,,0,17,3,,,6,3,23,3.8333333333333335
Erin Sheehan,University of Notre Dame,20,10.36,47,3,15.666666666666666,17,3,18,3,6,3,88,7.333333333333333
Mary Smith,University of Notre Dame,20,10.70,11,3,3.6666666666666665,,,,,,,11,3.6666666666666665
Samantha Steigerwald,University of Notre Dame,20,27.59,,,0,,,,,,,0,0
Skylar Fore,University of Notre Dame,21,6.65,14,3,4.666666666666667,12,3,,,,,26,4.333333333333333
Abigail German,University of Notre Dame,21,12.19,,,0,,,,,,,0,0
Cailey Grunhard,University of Notre Dame,21,8.98,11,3,3.6666666666666665,9,4,7,3,,,27,2.7
Kate McCahan,University of Notre Dame,21,100.00,,,0,,,,,,,0,0
Carly Quast,University of Notre Dame,21,4.73,45,3,15.0,56,4,41,4,,,142,12.909090909090908
Lindsay Stone,University of Notre Dame,21,6.16,47,3,15.666666666666666,27,3,25,3,,,99,11.0
Kelly Straub,University of Notre Dame,21,100.00,40,3,13.333333333333334,50,3,49,3,,,139,15.444444444444445
Rachel Wittmer,University of Notre Dame,21,4.51,,,0,,,,,,,0,0
Catherine Brennan,University of Notre Dame,22,32.25,,,0,,,,,,,0,0
Sinead Eksteen,University of Notre Dame,22,3.36,44,3,14.666666666666666,,,,,,,44,14.666666666666666
Samantha Eyolfson,University of Notre Dame,22,9.12,,,0,,,,,,,0,0
Madeline LaPorte,University of Notre Dame,22,8.25,14,3,4.666666666666667,23,3,,,,,37,6.166666666666667
Sarah Nicholls,University of Notre Dame,22,8.34,,,0,,,,,,,0,0
Bayley Stewart,University of Notre Dame,22,4.76,37,3,12.333333333333334,26,3,,,,,63,10.5
Tegan Sweeney,University of Notre Dame,22,19.97,,,0,,,,,,,0,0
Luciana Thomas,University of Notre Dame,22,4.06,65,3,21.666666666666668,70,3,,,,,135,22.5
Annie Wiese,University of Notre Dame,22,-1,24,3,8.0,43,3,,,,,67,11.166666666666666
Sarah Boyle,University of Notre Dame,23,10.88,,,0,,,,,,,0,0
ELIZABETH FRY,University of Notre Dame,23,6.92,17,3,5.666666666666667,,,,,,,17,5.666666666666667
Coleen Gillilan,University of Notre Dame,23,1.12,73,3,24.333333333333332,,,,,,,73,24.333333333333332
Samantha Gillis,University of Notre Dame,23,100.00,,,0,,,,,,,0,0
Meaghan Lyons,University of Notre Dame,23,20.50,,,0,,,,,,,0,0
Madison Potter,University of Notre Dame,23,6.66,,,0,,,,,,,0,0
Sydney Winters,University of Notre Dame,23,9.32,,,0,,,,,,,0,0
Emily Bolek,University of Pittsburgh,15,20.42,,,0,,,,,3,4,3,0.75
Victoria Brungo,University of Pittsburgh,15,-1,,,0,,,,,,,0,0
Kinga Cichowska,University of Pittsburgh,17,-1,14,3,4.666666666666667,39,3,46,3,12,3,111,9.25
Kimberly Ciotti,University of Pittsburgh,15,-1,,,0,,,,,,,0,0
Danielle des Tombe,University of Pittsburgh,15,7.90,,,0,,,23,4,5,3,28,4.0
Renee Deschenes,University of Pittsburgh,15,9.39,,,0,,,,,,,0,0
Bethany Dewitt,University of Pittsburgh,16,21.44,,,0,19,3,15,3,4,3,38,4.222222222222222
Camille Dixon,University of Pittsburgh,15,17.50,,,0,,,12,3,23,3,35,5.833333333333333
Catherine Dunseith,University of Pittsburgh,15,100.00,,,0,,,,,,,0,0
Margaret Feltman,University of Pittsburgh,14,51.94,,,0,,,,,,,0,0
Amanda Ford,University of Pittsburgh,16,37.43,,,0,,,,,,,0,0
julie harrison,University of Pittsburgh,15,7.90,,,0,,,15,3,,,15,5.0
Alexandra Iwanicki,University of Pittsburgh,16,19.94,,,0,,,,,,,0,0
Veronica Lee,University of Pittsburgh,15,3.88,,,0,,,32,3,,,32,10.666666666666666
Christina Lisella,University of Pittsburgh,15,43.94,,,0,,,,,,,0,0
Madeline Marcelle,University of Pittsburgh,16,39.44,,,0,,,,,,,0,0
Lauren Matevish,University of Pittsburgh,15,24.43,,,0,,,11,3,,,11,3.6666666666666665
Mackenzie Meixner,University of Pittsburgh,16,17.93,,,0,0,3,0,4,,,0,0.0
Lauren Mills,University of Pittsburgh,15,15.43,,,0,,,0,3,,,0,0.0
Jessica Nederlanden,University of Pittsburgh,15,21.43,,,0,,,0,3,,,0,0.0
Melissa Pocsai,University of Pittsburgh,17,9.44,,,0,,,0,3,0,3,0,0.0
Kaleigh Ritter,University of Pittsburgh,16,19.91,,,0,41,3,52,3,37,3,130,14.444444444444445
Lindsey Rodenkirk,University of Pittsburgh,16,48.44,,,0,,,,,,,0,0
Tatyanna Sarjeant,University of Pittsburgh,15,4.87,,,0,,,38,3,10,3,48,8.0
Rachel Saunders,University of Pittsburgh,17,100.00,21,3,7.0,2,3,,,0,3,23,2.5555555555555554
Alec Sheaffer,University of Pittsburgh,17,100.00,,,0,,,,,,,0,0
Athena Summa,University of Pittsburgh,17,12.41,5,3,1.6666666666666667,2,3,0,3,0,3,7,0.5833333333333334
Leigh Waltz,University of Pittsburgh,15,-1,,,0,,,,,,,0,0
Brooke Waugaman,University of Pittsburgh,15,9.92,,,0,,,3,3,,,3,1.0
Blair Wegescheide,University of Pittsburgh,16,54.45,,,0,16,4,28,4,9,4,53,4.416666666666667
Madeline Wells,University of Pittsburgh,14,22.50,,,0,,,,,,,0,0
Kelsey Williams,University of Pittsburgh,15,23.20,,,0,,,,,,,0,0
Samantha Winkelmann,University of Pittsburgh,16,100.00,,,0,12,3,,,0,2,12,2.4
Charlene Yuan,University of Pittsburgh,17,16.42,,,0,,,0,3,0,3,0,0.0
Sarah Zetlmeisl,University of Pittsburgh,15,53.94,,,0,,,,,,,0,0
Katriona Blezy,University of Pittsburgh,17,-1,,,0,,,,,,,0,0
Mary Blocher,University of Pittsburgh,15,4.95,,,0,,,,,,,0,0
Katherine Fernander,University of Pittsburgh,18,4.42,29,3,9.666666666666666,20,3,9,3,,,58,6.444444444444445
Danyel Johnson,University of Pittsburgh,16,22.95,,,0,,,5,3,6,3,11,1.8333333333333333
Leticia Lelli,University of Pittsburgh,16,2.51,,,0,,,3,4,0,4,3,0.375
Emily Lyons,University of Pittsburgh,17,29.43,,,0,,,,,,,0,0
Emily Murphy,University of Pittsburgh,18,11.82,0,3,0.0,11,3,0,4,,,11,1.1
Amanda Richey,University of Pittsburgh,18,3.69,40,3,13.333333333333334,31,3,68,3,64,3,203,16.916666666666668
Rachel Sauders,University of Pittsburgh,15,-1,,,0,,,,,,,0,0
Meredith Sharp,University of Pittsburgh,18,100.00,33,3,11.0,69,3,51,3,45,3,198,16.5
Tia VanLandeghem,University of Pittsburgh,18,-1,,,0,,,,,,,0,0
Jennifer Young,University of Pittsburgh,18,53.30,,,0,,,,,,,0,0
Samantha Baird,University of Pittsburgh,19,27.19,,,0,,,,,,,0,0
Rachel Brown,University of Pittsburgh,19,6.06,0,3,0.0,0,3,14,3,12,3,26,2.1666666666666665
Kirsten Groff,University of Pittsburgh,19,23.71,,,0,,,,,,,0,0
Meghan Joram,University of Pittsburgh,19,12.38,0,3,0.0,,,0,3,0,3,0,0.0
Allison Murslack,University of Pittsburgh,17,24.93,,,0,,,,,0,3,0,0.0
Cheyanne Neuenschwander,University of Pittsburgh,19,100.00,,,0,6,3,,,,,6,2.0
Madison Thomas,University of Pittsburgh,19,15.09,0,3,0.0,0,3,0,3,,,0,0.0
Hannah Wittman,University of Pittsburgh,19,18.67,0,3,0.0,,,,,,,0,0.0
HANNAH BUMGARNER,University of Pittsburgh,20,18.89,,,0,,,,,,,0,0
Lisa Coe,University of Pittsburgh,20,-1,,,0,,,,,,,0,0
Cameryn Cook,University of Pittsburgh,20,21.55,,,0,,,,,,,0,0
KATHERINE COOPER,University of Pittsburgh,20,27.23,,,0,,,,,,,0,0
Colleen Daday,University of Pittsburgh,20,20.65,3,3,1.0,0,3,7,3,,,10,1.1111111111111112
Valerie Daigneault,University of Pittsburgh,20,11.37,7,4,1.75,25,5,32,5,39,4,103,5.722222222222222
Sarah Giamber,University of Pittsburgh,20,14.89,24,3,8.0,4,3,35,3,10,3,73,6.083333333333333
Jacqueline Hendrix,University of Pittsburgh,20,28.65,,,0,0,3,0,4,0,3,0,0.0
Shannon Hochkeppel,University of Pittsburgh,20,18.68,0,3,0.0,2,4,0,3,,,2,0.2
Krista Jones,University of Pittsburgh,20,100.00,0,3,0.0,7,3,4,3,20,3,31,2.5833333333333335
Madeline Paradkar,University of Pittsburgh,20,35.67,,,0,,,,,,,0,0
Lina Rathsack,University of Pittsburgh,18,-1,,,0,,,70,3,54,3,124,20.666666666666668
Madelyn Shaffer,University of Pittsburgh,20,12.72,0,3,0.0,15,3,17,3,34,3,66,5.5
Cortnee Williams,University of Pittsburgh,20,100.00,,,0,,,,,,,0,0
Ashley Azzarello,University of Pittsburgh,21,30.07,,,0,,,,,,,0,0
Maura Fagan,University of Pittsburgh,21,37.07,,,0,,,,,,,0,0
Lisa Gwennap,University of Pittsburgh,21,6.25,,,0,,,,,,,0,0
KAYLEE HOLLENBACH,University of Pittsburgh,21,19.07,,,0,,,,,,,0,0
Samantha Howe,University of Pittsburgh,21,16.79,0,3,0.0,,,,,,,0,0.0
Kathleen Lynch,University of Pittsburgh,21,58.21,0,3,0.0,0,3,0,3,,,0,0.0
Shahar Menahem,University of Pittsburgh,21,100.00,14,3,4.666666666666667,0,3,1,3,,,15,1.6666666666666667
Katherine Miller,University of Pittsburgh,21,22.04,,,0,,,,,,,0,0
Allison Ramirez,University of Pittsburgh,21,23.66,,,0,,,,,,,0,0
Lydia Rosenthall,University of Pittsburgh,21,-1,46,3,15.333333333333334,,,,,,,46,15.333333333333334
Barbara Schmele,University of Pittsburgh,20,31.49,,,0,0,3,0,3,0,3,0,0.0
Kailyn Swantek,University of Pittsburgh,21,21.66,,,0,0,2,0,3,,,0,0.0
Serena Buchwald,University of Pittsburgh,22,-1,,,0,24,3,,,,,24,8.0
Alyssa Conley,University of Pittsburgh,22,23.46,,,0,,,,,,,0,0
Dakota Elliott,University of Pittsburgh,22,8.39,10,3,3.3333333333333335,7,3,,,,,17,2.8333333333333335
Camryn Forbes,University of Pittsburgh,21,4.46,,,0,7,4,0,3,,,7,1.0
Kendall Goit,University of Pittsburgh,22,20.65,,,0,,,,,,,0,0
Daria Hatter,University of Pittsburgh,22,36.26,,,0,,,,,,,0,0
Lauren Kelly,University of Pittsburgh,22,18.81,0,3,0.0,,,,,,,0,0.0
MADISON NALLS,University of Pittsburgh,22,12.77,2,3,0.6666666666666666,7,3,,,,,9,1.5
Isabella Ratino,University of Pittsburgh,22,24.90,,,0,,,,,,,0,0
Amy Read,University of Pittsburgh,22,-1,22,3,7.333333333333333,46,3,,,,,68,11.333333333333334
Megan Schimansky,University of Pittsburgh,22,33.04,,,0,,,,,,,0,0
Daisy Anderson,University of Pittsburgh,23,11.36,5,3,1.6666666666666667,,,,,,,5,1.6666666666666667
Tatum Detwiler,University of Pittsburgh,23,20.34,0,3,0.0,,,,,,,0,0.0
Kate Fuhrmann,University of Pittsburgh,23,22.88,2,3,0.6666666666666666,,,,,,,2,0.6666666666666666
Ali Giuliani,University of Pittsburgh,23,100.00,,,0,,,,,,,0,0
Meredith Gould,University of Pittsburgh,23,100.00,,,0,,,,,,,0,0
Kayla Graham,University of Pittsburgh,23,8.15,0,3,0.0,,,,,,,0,0.0
Alexandra Marlow,University of Pittsburgh,23,18.32,,,0,,,,,,,0,0
Jilian Schulte,University of Pittsburgh,23,25.18,,,0,,,,,,,0,0
Emma Wilson,University of Pittsburgh,23,17.10,,,0,,,,,,,0,0
Courtney Bartholomew,University of Virginia,16,1.84,,,0,84,4,91,4,96,4,271,22.583333333333332
Hanne Borgersen,University of Virginia,16,2.70,,,0,76,3,76,3,73,3,225,25.0
Shaun Casey,University of Virginia,15,2.74,,,0,,,73,3,41,3,114,19.0
Meredith Cavalier,University of Virginia,14,2.95,,,0,,,,,31,3,31,10.333333333333334
Charlotte Clarke,University of Virginia,15,1.78,,,0,,,58,3,,,58,19.333333333333332
Rebecca Corbett,University of Virginia,16,100.00,,,0,,,29,3,52,3,81,13.5
Emily Dicus,University of Virginia,15,2.25,,,0,,,,,40,3,40,13.333333333333334
Haley Durmer,University of Virginia,16,10.21,,,0,72,3,38,3,66,3,176,19.555555555555557
Riley Flanagan,University of Virginia,15,5.84,,,0,,,,,,,0,0
Morgan Flynn,University of Virginia,14,5.32,,,0,,,,,,,0,0
Laura Gartrell,University of Virginia,15,100.00,,,0,,,,,,,0,0
Audrey Gould,University of Virginia,17,11.91,,,0,,,,,,,0,0
Alison Haulsee,University of Virginia,15,1.51,,,0,,,70,3,58,3,128,21.333333333333332
Samantha James,University of Virginia,16,2.73,,,0,,,,,,,0,0
Kaitlyn Jones,University of Virginia,17,1.00,73,3,24.333333333333332,81,4,91,3,88,3,333,25.615384615384617
Caroline Kenney,University of Virginia,15,2.58,,,0,,,78,3,,,78,26.0
Hope Kerpelman,University of Virginia,15,-1,,,0,,,,,,,0,0
Emily Lloyd,University of Virginia,15,1.69,,,0,,,57,3,,,57,19.0
Kelly Lloyd,University of Virginia,15,-1,,,0,,,,,,,0,0
Natalie Martin,University of Virginia,16,3.85,,,0,42,3,20,3,25,3,87,9.666666666666666
Erin McElfresh,University of Virginia,17,4.31,,,0,,,,,,,0,0
Rachel Moore,University of Virginia,16,1.48,,,0,,,,,,,0,0
Jane Munro,University of Virginia,15,5.35,,,0,,,,,,,0,0
Rachel Naurath,University of Virginia,15,1.00,,,0,,,,,,,0,0
Dana Nessler,University of Virginia,15,4.43,,,0,,,,,,,0,0
Kelly Offutt,University of Virginia,15,4.31,,,0,,,57,3,42,3,99,16.5
Hillary Petersen,University of Virginia,15,3.24,,,0,,,,,,,0,0
Shannon Rauth,University of Virginia,17,2.28,44,3,14.666666666666666,27,3,52,3,33,3,156,13.0
Kaleigh Rosenburg,University of Virginia,17,5.87,,,0,,,,,,,0,0
Laura Simon,University of Virginia,17,1.89,63,3,21.0,67,3,65,3,60,3,255,21.25
Madeline Smart,University of Virginia,17,3.76,,,0,,,,,,,0,0
Leah Smith,University of Virginia,17,1.39,92,3,30.666666666666668,96,3,92,3,92,3,372,31.0
Carlin Tettelbach,University of Virginia,15,100.00,,,0,,,,,,,0,0
Carlin Tettlebach,University of Virginia,14,-1,,,0,,,,,,,0,0
Ellen Thomas,University of Virginia,17,2.64,42,3,14.0,60,3,71,3,53,3,226,18.833333333333332
Katherine Warburg,University of Virginia,16,100.00,,,0,21,3,,,21,3,42,7.0
Ellen Williamson,University of Virginia,15,4.55,,,0,,,82,3,73,3,155,25.833333333333332
Holland Cathey,University of Virginia,15,-1,,,0,,,,,,,0,0
Caitlin Cooper,University of Virginia,18,1.81,31,3,10.333333333333334,34,3,49,3,65,3,179,14.916666666666666
Jessie Gvozdas,University of Virginia,18,2.19,,,0,,,,,,,0,0
Corey Johnson,University of Virginia,18,100.00,,,0,,,0,3,27,3,27,4.5
Brodde Lamb,University of Virginia,15,11.91,,,0,,,,,,,0,0
Helen Lamb,University of Virginia,15,14.42,,,0,,,,,,,0,0
Emily Langworthy,University of Virginia,15,100.00,,,0,,,,,,,0,0
Jennifer Marrkand,University of Virginia,18,2.06,70,3,23.333333333333332,72,3,79,4,80,3,301,23.153846153846153
Salem Peacock,University of Virginia,15,14.40,,,0,,,,,,,0,0
Laine Reed,University of Virginia,18,2.71,,,0,,,18,3,71,3,89,14.833333333333334
Dina Rommel,University of Virginia,18,3.36,,,0,,,,,23,3,23,7.666666666666667
Cecilia Williams,University of Virginia,18,1.26,47,3,15.666666666666666,44,3,49,3,53,3,193,16.083333333333332
Peyton Baldwin,University of Virginia,19,10.55,,,0,,,,,,,0,0
Julia Durmer,University of Virginia,19,9.02,,,0,,,,,,,0,0
Eryn Eddy,University of Virginia,19,4.53,44,3,14.666666666666666,40,3,57,3,53,3,194,16.166666666666668
Megan Moroney,University of Virginia,16,3.25,,,0,,,,,77,3,77,25.666666666666668
Kirsten Parkinson,University of Virginia,19,-1,,,0,9,3,,,,,9,3.0
Rachel Politi,University of Virginia,19,18.76,,,0,50,3,27,3,,,77,12.833333333333334
Kasey Schmidt,University of Virginia,19,7.09,,,0,,,,,,,0,0
Sara Stranick,University of Virginia,19,9.17,,,0,13,3,,,,,13,4.333333333333333
Vivian Tafuto,University of Virginia,19,5.15,39,3,13.0,64,3,42,3,34,3,179,14.916666666666666
Kylie Towbin,University of Virginia,19,-1,17,3,5.666666666666667,71,3,48,3,54,3,190,15.833333333333334
Anna Dickinson,University of Virginia,19,25.78,,,0,,,,,,,0,0
Sydney Dusel,University of Virginia,20,100.00,31,3,10.333333333333334,50,3,61,3,70,3,212,17.666666666666668
Morgan Hill,University of Virginia,20,4.00,26,3,8.666666666666666,68,3,92,4,88,3,274,21.076923076923077
Bailey Mills,University of Virginia,20,100.00,,,0,,,,,,,0,0
Mary Pelton,University of Virginia,19,3.76,,,0,,,,,,,0,0
Mary Tansill,University of Virginia,20,11.75,33,3,11.0,,,28,3,,,61,10.166666666666666
Madeleine Vonderhaar,University of Virginia,20,4.54,17,3,5.666666666666667,,,,,,,17,5.666666666666667
Erin Earley,University of Virginia,21,2.10,59,3,19.666666666666668,,,51,3,,,110,18.333333333333332
Caroline Gmelich,University of Virginia,21,6.93,,,0,48,4,63,4,,,111,13.875
Paige Madden,University of Virginia,21,2.14,77,3,25.666666666666668,82,3,96,3,,,255,28.333333333333332
Marcella Maguire,University of Virginia,21,3.35,29,3,9.666666666666666,37,3,36,3,,,102,11.333333333333334
Anna Pang,University of Virginia,21,100.00,54,3,18.0,44,3,,,,,98,16.333333333333332
Jocelyn Porter,University of Virginia,21,100.00,,,0,,,,,,,0,0
Abigail Richter,University of Virginia,21,2.36,74,4,18.5,67,3,81,3,,,222,22.2
Emma Seiberlich,University of Virginia,21,3.92,43,3,14.333333333333334,60,3,58,3,,,161,17.88888888888889
Kyla Valls,University of Virginia,21,5.17,34,3,11.333333333333334,41,3,47,3,,,122,13.555555555555555
Carter Bristow,University of Virginia,22,9.70,,,0,,,,,,,0,0
Emma Bulger,University of Virginia,22,100.00,,,0,,,,,,,0,0
Mary Christensen,University of Virginia,22,2.65,39,3,13.0,,,,,,,39,13.0
Julia Eskew,University of Virginia,22,12.87,,,0,,,,,,,0,0
Julia Menkhaus,University of Virginia,22,2.49,53,3,17.666666666666668,32,3,,,,,85,14.166666666666666
Jessica Nava,University of Virginia,22,5.13,44,3,14.666666666666666,50,3,,,,,94,15.666666666666666
Sophie Skinner,University of Virginia,22,5.16,,,0,,,,,,,0,0
Alexis Wenger,University of Virginia,22,6.74,44,3,14.666666666666666,56,3,,,,,100,16.666666666666668
Jennifer Bell,University of Virginia,23,100.00,,,0,,,,,,,0,0
Charlotte Bowen,University of Virginia,23,100.00,,,0,,,,,,,0,0
Ella Collins,University of Virginia,23,7.81,,,0,,,,,,,0,0
Kaitlyn Cronin,University of Virginia,23,11.98,,,0,,,,,,,0,0
Alexa Cuomo,University of Virginia,23,4.17,68,3,22.666666666666668,,,,,,,68,22.666666666666668
Madelyn Donohoe,University of Virginia,23,1.77,54,3,18.0,,,,,,,54,18.0
Katherine Douglass,University of Virginia,23,1.00,91,5,18.2,,,,,,,91,18.2
Caroline Kulp,University of Virginia,23,5.78,,,0,,,,,,,0,0
Margaret Nelson,University of Virginia,23,4.33,82,3,27.333333333333332,,,,,,,82,27.333333333333332
Kalyea Arnett,Virginia Tech,15,100.00,,,0,,,91,3,91,3,182,30.333333333333332
England Barimo,Virginia Tech,15,-1,,,0,,,,,,,0,0
Katherine Bean,Virginia Tech,15,100.00,,,0,,,,,,,0,0
Gabrielle Bishop,Virginia Tech,16,4.79,,,0,18,3,20,3,4,3,42,4.666666666666667
Brittany Boone,Virginia Tech,15,8.93,,,0,,,,,,,0,0
Ashley Buchter,Virginia Tech,17,100.00,51,3,17.0,58,3,,,12,3,121,13.444444444444445
Lauren Buckworth,Virginia Tech,16,13.90,,,0,,,,,,,0,0
Caroline Buscaglia,Virginia Tech,17,4.34,,,0,,,,,,,0,0
Natalie Cronk,Virginia Tech,16,12.90,,,0,,,,,,,0,0
Auriane de Premilhat,Virginia Tech,17,-1,,,0,,,6,3,1,3,7,1.1666666666666667
Fiona Donnelly,Virginia Tech,17,2.64,53,3,17.666666666666668,60,4,55,3,68,3,236,18.153846153846153
Aubree Duncan,Virginia Tech,14,8.88,,,0,,,,,,,0,0
Matty Ferguson,Virginia Tech,14,12.92,,,0,,,,,,,0,0
Katarina Filova,Virginia Tech,14,-1,,,0,,,,,40,3,40,13.333333333333334
Katie Gillespie,Virginia Tech,16,8.39,,,0,,,,,,,0,0
Margaret Gruber,Virginia Tech,14,6.24,,,0,,,,,40,3,40,13.333333333333334
Holland Harper,Virginia Tech,16,5.34,,,0,60,3,52,3,28,3,140,15.555555555555555
Jessica Hespeler,Virginia Tech,17,6.33,24,2,12.0,66,3,68,3,81,3,239,21.727272727272727
Caroline Higgins,Virginia Tech,15,23.95,,,0,,,,,,,0,0
Jayme Katis,Virginia Tech,15,12.90,,,0,,,,,,,0,0
Blaire Kinsey,Virginia Tech,15,12.40,,,0,,,29,3,27,3,56,9.333333333333334
Natalie Leake,Virginia Tech,15,21.42,,,0,,,,,,,0,0
Weronika Paluszek,Virginia Tech,16,2.45,,,0,54,3,51,3,54,3,159,17.666666666666668
Margaret Parcell,Virginia Tech,15,10.93,,,0,,,14,3,,,14,4.666666666666667
Leah Piemonte,Virginia Tech,17,100.00,,,0,,,2,3,0,3,2,0.3333333333333333
Katie Rogers,Virginia Tech,15,6.35,,,0,,,,,,,0,0
Natalee Roseberry,Virginia Tech,16,8.38,,,0,,,,,,,0,0
Emily Ryczek,Virginia Tech,15,6.40,,,0,,,,,,,0,0
Laura Schwartz,Virginia Tech,17,10.88,18,3,6.0,35,3,19,3,33,3,105,8.75
Rachel Sepanski,Virginia Tech,15,12.40,,,0,,,27,3,,,27,9.0
Mackenzie Stewart,Virginia Tech,16,10.41,,,0,37,3,51,3,34,3,122,13.555555555555555
Kelli Stockton,Virginia Tech,15,100.00,,,0,,,63,3,66,3,129,21.5
Alyssa Bodin,Virginia Tech,16,5.41,,,0,,,23,3,,,23,7.666666666666667
Alice Boutant,Virginia Tech,17,5.83,,,0,,,8,3,,,8,2.6666666666666665
Adriana Grabski,Virginia Tech,18,1.42,15,3,5.0,9,3,14,3,25,2,63,5.7272727272727275
Kelly Henry,Virginia Tech,18,16.57,,,0,,,20,3,,,20,6.666666666666667
Klaudia Nazieblo,Virginia Tech,18,20.47,79,4,19.75,81,5,79,4,65,4,304,17.88235294117647
Savannah Padgett,Virginia Tech,18,100.00,,,0,,,,,,,0,0
Madalyn Ulrich,Virginia Tech,18,7.42,,,0,,,4,3,,,4,1.3333333333333333
Emma Villareal,Virginia Tech,15,-1,,,0,,,,,28,3,28,9.333333333333334
Logan Williams,Virginia Tech,18,14.43,,,0,,,,,,,0,0
Jessica Arnold,Virginia Tech,19,16.22,15,4,3.75,,,,,,,15,3.75
Danielle Griggs,Virginia Tech,19,17.32,,,0,0,3,12,3,0,3,12,1.3333333333333333
Abigail Jones,Virginia Tech,19,16.10,,,0,,,,,,,0,0
Sydney Pesetti,Virginia Tech,19,8.42,2,3,0.6666666666666666,0,3,,,,,2,0.3333333333333333
Ashlynn Peters,Virginia Tech,19,100.00,32,3,10.666666666666666,68,3,77,3,35,3,212,17.666666666666668
Leah Rogers,Virginia Tech,19,10.49,,,0,5,3,16,3,3,3,24,2.6666666666666665
Madison Rylee,Virginia Tech,17,100.00,,,0,,,,,,,0,0
Abigail Stone,Virginia Tech,19,11.60,,,0,,,,,,,0,0
Jenna Beattie,Virginia Tech,20,16.28,12,3,4.0,11,3,5,3,6,3,34,2.8333333333333335
Baillie Cameron,Virginia Tech,20,19.03,,,0,,,,,,,0,0
Caroline DeJager,Virginia Tech,20,29.22,,,0,,,,,,,0,0
Miranda Eberle,Virginia Tech,20,100.00,6,3,2.0,22,3,,,,,28,4.666666666666667
Reka Gyorgy,Virginia Tech,20,7.62,78,3,26.0,54,4,63,3,,,195,19.5
Chloe Hicks,Virginia Tech,20,12.74,33,3,11.0,30,3,,,,,63,10.5
Sydney Kirsch,Virginia Tech,20,21.35,,,0,,,,,,,0,0
Grace Kowal,Virginia Tech,20,15.99,15,3,5.0,32,3,,,,,47,7.833333333333333
Eleanor Matheson,Virginia Tech,20,8.59,0,3,0.0,29,3,2,3,,,31,3.4444444444444446
Kayla Purcell,Virginia Tech,20,19.34,,,0,,,7,3,12,3,19,3.1666666666666665
Margarita Ryan,Virginia Tech,20,21.01,,,0,,,2,3,5,3,7,1.1666666666666667
Erin Scott,Virginia Tech,20,21.74,,,0,,,,,11,2,11,5.5
HANNAH WILDING,Virginia Tech,20,33.48,,,0,,,,,,,0,0
Abigail Andrusin,Virginia Tech,21,15.00,,,0,6,3,,,,,6,2.0
Jessica Beattie,Virginia Tech,20,31.57,,,0,,,,,,,0,0
Emily Meilus,Virginia Tech,21,6.28,11,3,3.6666666666666665,9,4,18,2,,,38,4.222222222222222
Nicole Pape,Virginia Tech,21,14.01,,,0,,,,,,,0,0
Molly Sheffield,Virginia Tech,21,8.31,,,0,1,3,,,,,1,0.3333333333333333
Heather Sigmon,Virginia Tech,21,9.12,,,0,,,,,,,0,0
Joelle Vereb,Virginia Tech,21,7.70,27,3,9.0,66,4,58,3,,,151,15.1
Regan Westwood,Virginia Tech,21,100.00,,,0,,,5,3,,,5,1.6666666666666667
Maya Atkins,Virginia Tech,22,14.33,,,0,,,,,,,0,0
Julia Bruneau,Virginia Tech,22,14.72,0,3,0.0,,,,,,,0,0.0
Jennifer Hauser,Virginia Tech,22,21.28,,,0,,,,,,,0,0
Annalee Johnson,Virginia Tech,20,16.78,,,0,,,,,,,0,0
Anna Landon,Virginia Tech,22,13.61,2,3,0.6666666666666666,4,3,,,,,6,1.0
Abby Larson,Virginia Tech,22,6.51,0,3,0.0,,,,,,,0,0.0
Brooke Leftwich,Virginia Tech,22,100.00,15,3,5.0,,,,,,,15,5.0
Teagan Moravek,Virginia Tech,22,100.00,16,3,5.333333333333333,44,3,,,,,60,10.0
Isabel Mroz,Virginia Tech,22,100.00,,,0,6,3,,,,,6,2.0
Lara Siebrecht,Virginia Tech,20,-1,,,0,,,,,,,0,0
Alexandra Slayton,Virginia Tech,22,16.86,,,0,,,,,,,0,0
Loulou Vos,Virginia Tech,22,2.59,31,3,10.333333333333334,32,3,,,,,63,10.5
Mary Burt,Virginia Tech,23,21.07,,,0,,,,,,,0,0
Grace Cutrell,Virginia Tech,23,20.71,,,0,,,,,,,0,0
Caroline De Jager,Virginia Tech,20,-1,,,0,,,,,,,0,0
Karisa Franz,Virginia Tech,23,11.87,,,0,,,,,,,0,0
Hannah Jirsa,Virginia Tech,23,29.84,,,0,,,,,,,0,0
Abigal Larson,Virginia Tech,22,-1,,,0,13,3,,,,,13,4.333333333333333
Lauren Meeker,Virginia Tech,22,13.90,,,0,,,,,,,0,0
Morgan Miller,Virginia Tech,23,9.69,14,3,4.666666666666667,,,,,,,14,4.666666666666667
Rose Pouch,Virginia Tech,23,11.49,,,0,,,,,,,0,0
Erin Quinn,Virginia Tech,23,12.24,,,0,,,,,,,0,0
Shelby Raber,Virginia Tech,23,13.92,,,0,,,,,,,0,0
Sophia Ryan,Virginia Tech,23,19.15,,,0,,,,,,,0,0
Sarah Shackelford,Virginia Tech,23,12.57,18,3,6.0,,,,,,,18,6.0
Julia Smith,Virginia Tech,23,13.93,1,3,0.3333333333333333,,,,,,,1,0.3333333333333333
Jenna Thompson,Virginia Tech,23,13.40,7,3,2.3333333333333335,,,,,,,7,2.3333333333333335
Brooke Travis,Virginia Tech,22,4.13,,,0,35,3,,,,,35,11.666666666666666
Rainey Vause,Virginia Tech,23,100.00,,,0,,,,,,,0,0
Ashley Worden,Virginia Tech,23,15.78,,,0,,,,,,,0,0
Andrea Acquista,University of Louisville,17,100.00,,,0,31,3,71,3,44,3,146,16.22222222222222
Erica Belcher,University of Louisville,15,4.24,,,0,,,,,53,3,53,17.666666666666668
Devon Bibault,University of Louisville,16,3.86,,,0,,,30,3,13,3,43,7.166666666666667
Kristina Brandenburg,University of Louisville,15,3.31,,,0,,,,,,,0,0
Mackenzie Buss,University of Louisville,17,4.82,,,0,6,3,6,3,,,12,2.0
Abigail Chin,University of Louisville,15,4.28,,,0,,,,,52,3,52,17.333333333333332
Emma Coakley,University of Louisville,16,18.93,,,0,,,,,,,0,0
Andrea Cottrell,University of Louisville,17,7.39,,,0,69,3,84,3,82,3,235,26.11111111111111
Johanna Cowley,University of Louisville,15,13.77,,,0,,,,,,,0,0
Kelsi Dahlia,University of Louisville,16,6.23,,,0,,,92,3,96,3,188,31.333333333333332
Nicole Glazer,University of Louisville,14,-1,,,0,,,,,,,0,0
Abigail Houck,University of Louisville,17,4.28,,,0,30,3,59,3,43,3,132,14.666666666666666
Madaline Ingmire,University of Louisville,16,100.00,,,0,,,,,35,3,35,11.666666666666666
Andrea Kneppers,University of Louisville,16,1.29,,,0,,,67,3,41,3,108,18.0
Gisselle Kohoyda,University of Louisville,15,-1,,,0,,,,,,,0,0
Lucy Kramer,University of Louisville,16,7.39,,,0,,,6,3,6,3,12,2.0
Tanja Kylliainen,University of Louisville,15,1.81,,,0,,,,,96,5,96,19.2
Lindsey Laporte,University of Louisville,15,2.80,,,0,,,,,,,0,0
Rachael Lewis,University of Louisville,15,8.94,,,0,,,,,,,0,0
Breann McDowell,University of Louisville,15,7.87,,,0,,,,,,,0,0
Mary Mittel,University of Louisville,15,2.78,,,0,,,,,,,0,0
Carly Munchel,University of Louisville,15,13.90,,,0,,,,,,,0,0
Alessandra Murphy,University of Louisville,17,100.00,,,0,,,,,,,0,0
Emily O'Neill,University of Louisville,15,-1,,,0,,,,,,,0,0
Brittany Robinson,University of Louisville,16,2.35,,,0,,,,,,,0,0
Alexandra Sellers,University of Louisville,17,2.77,,,0,0,3,16,3,12,3,28,3.111111111111111
Emily Stalmack,University of Louisville,15,100.00,,,0,,,,,19,3,19,6.333333333333333
Kristina Steins,University of Louisville,17,100.00,,,0,7,3,,,,,7,2.3333333333333335
Paige Ezell,University of Louisville,18,-1,,,0,,,,,,,0,0
Rachel Grooms,University of Louisville,18,3.25,12,3,4.0,,,,,,,12,4.0
Lauren Herich,University of Louisville,18,7.87,,,0,,,,,,,0,0
Lauren James,University of Louisville,18,3.27,,,0,16,3,25,3,13,3,54,6.0
Ashley LeClair,University of Louisville,18,5.83,17,3,5.666666666666667,42,3,,,,,59,9.833333333333334
Hannah Magnuson,University of Louisville,18,3.24,13,3,4.333333333333333,11,2,8,3,,,32,4.0
Alli Murphy,University of Louisville,15,-1,,,0,,,,,,,0,0
Margaret Patterson,University of Louisville,18,6.33,7,3,2.3333333333333335,,,,,,,7,2.3333333333333335
Marah Pugh,University of Louisville,18,4.28,41,3,13.666666666666666,37,3,1,1,,,79,11.285714285714286
Luana Ribeiro,University of Louisville,15,-1,,,0,,,,,,,0,0
Emily Sarratt,University of Louisville,18,6.39,,,0,,,,,,,0,0
Caitlin Ahern,University of Louisville,19,19.97,,,0,,,,,,,0,0
Clara Baggett,University of Louisville,19,13.01,,,0,,,,,,,0,0
Rachael Bradford-Feldman,University of Louisville,19,9.56,77,3,25.666666666666668,73,4,82,3,,,232,23.2
Mallory Comerford,University of Louisville,19,4.12,88,4,22.0,92,3,96,3,96,3,372,28.615384615384617
Alina Kendzior,University of Louisville,19,-1,62,4,15.5,71,4,63,4,59,4,255,15.9375
Grace Long,University of Louisville,19,8.26,,,0,,,,,,,0,0
Emily Moser,University of Louisville,19,11.88,13,3,4.333333333333333,33,3,,,,,46,7.666666666666667
Manuela Sampaio,University of Louisville,19,11.21,6,3,2.0,,,,,,,6,2.0
Avery Braunecker,University of Louisville,20,7.80,,,0,26,3,33,3,,,59,9.833333333333334
Sophie Cattermole,University of Louisville,19,2.22,,,0,17,3,71,3,47,3,135,15.0
Casey Fanz,University of Louisville,20,5.13,51,3,17.0,49,3,33,3,53,3,186,15.5
Molly Fears,University of Louisville,20,100.00,22,3,7.333333333333333,59,3,61,3,71,3,213,17.75
Nastja Govejek,University of Louisville,20,2.39,,,0,,,,,,,0,0
Silvia Guerra,University of Louisville,20,-1,38,3,12.666666666666666,,,,,,,38,12.666666666666666
Margaret Jahns,University of Louisville,20,14.14,,,0,7,3,,,,,7,2.3333333333333335
Emily LeClair,University of Louisville,20,19.27,,,0,,,,,,,0,0
Grace Oglesby,University of Louisville,20,1.85,58,3,19.333333333333332,87,3,87,3,71,3,303,25.25
Brianna Price,University of Louisville,20,100.00,,,0,,,,,,,0,0
Michaela Sliney,University of Louisville,20,100.00,,,0,6,3,55,3,,,61,10.166666666666666
Sofie Underdahl,University of Louisville,20,11.75,21,3,7.0,,,,,,,21,7.0
Jillian Visscher,University of Louisville,20,6.05,33,3,11.0,61,3,49,3,38,3,181,15.083333333333334
Hannah Whiteley,University of Louisville,20,6.02,,,0,,,,,,,0,0
Mariia ASTASHKINA,University of Louisville,21,1.95,68,3,22.666666666666668,49,3,62,3,,,179,19.88888888888889
Morgan Friesen,University of Louisville,21,3.91,49,3,16.333333333333332,49,3,47,3,,,145,16.11111111111111
Rachel Howard,University of Louisville,21,13.53,,,0,,,,,,,0,0
Alina JUNGKLAUS,University of Louisville,21,20.80,,,0,,,,,,,0,0
Carley Lowe,University of Louisville,21,3.88,28,3,9.333333333333334,,,22,3,,,50,8.333333333333334
Arina OPENYSHEVA,University of Louisville,21,2.71,18,3,6.0,45,3,75,3,,,138,15.333333333333334
Ashlyn Schoof,University of Louisville,21,1.83,26,3,8.666666666666666,,,,,,,26,8.666666666666666
Diana Dunn,University of Louisville,22,5.72,,,0,23,3,,,,,23,7.666666666666667
Anika Holland,University of Louisville,22,-1,,,0,,,,,,,0,0
Alena Kraus,University of Louisville,22,4.46,47,3,15.666666666666666,64,3,,,,,111,18.5
Elizabeth Lambert,University of Louisville,22,100.00,,,0,,,,,,,0,0
Sophia Middendorf,University of Louisville,22,100.00,,,0,,,,,,,0,0
Allyson Schafer,University of Louisville,22,100.00,,,0,,,,,,,0,0
Kaitlyn Schorr,University of Louisville,22,5.16,,,0,,,,,,,0,0
Annette Schultz,University of Louisville,22,9.59,,,0,,,,,,,0,0
Maria Sumida,University of Louisville,22,4.14,48,3,16.0,40,3,,,,,88,14.666666666666666
Kelly Tichenor,University of Louisville,22,14.41,,,0,,,,,,,0,0
Kaylee Wheeler,University of Louisville,22,6.90,31,3,10.333333333333334,31,3,,,,,62,10.333333333333334
Kyla Alexander,University of Louisville,23,13.05,,,0,,,,,,,0,0
Abigail Andrews,University of Louisville,23,37.90,14,3,4.666666666666667,,,,,,,14,4.666666666666667
Elizabeth Dodd,University of Louisville,23,100.00,,,0,,,,,,,0,0
Abbie Erickson,University of Louisville,23,100.00,,,0,,,,,,,0,0
Abigail Hay,University of Louisville,23,6.99,62,3,20.666666666666668,,,,,,,62,20.666666666666668
Madison Luther,University of Louisville,23,12.07,22,3,7.333333333333333,,,,,,,22,7.333333333333333
Christiana Regenauer,University of Louisville,23,5.09,50,3,16.666666666666668,,,,,,,50,16.666666666666668
